session_id,mechanism,D,R,driver_id,c_j,matched,tau_driver,pay_driver,match_id
e785dcb7,DA,20,20,0,6.735137437795934,1,4.5,10.600000000000001,8
e785dcb7,DA,20,20,1,8.222463665765176,0,10.0,0.0,-1
e785dcb7,DA,20,20,2,9.742607679419807,0,10.0,0.0,-1
e785dcb7,DA,20,20,3,3.8077393899773604,1,4.4,10.719999999999999,7
e785dcb7,DA,20,20,4,7.992565188297577,0,10.0,0.0,-1
e785dcb7,DA,20,20,5,6.962603526623938,1,5.2,9.76,10
e785dcb7,DA,20,20,6,5.971713871126683,1,5.800000000000001,9.04,11
e785dcb7,DA,20,20,7,6.081629267129717,0,10.0,0.0,-1
e785dcb7,DA,20,20,8,4.610332647073713,0,10.0,0.0,-1
e785dcb7,DA,20,20,9,4.7198979990316605,1,3.2,12.16,5
e785dcb7,DA,20,20,10,10.303521053031826,1,0.1,15.880000000000003,0
e785dcb7,DA,20,20,11,6.7095736207160135,1,0.6000000000000001,15.280000000000001,2
e785dcb7,DA,20,20,12,4.989852913877573,1,4.0,11.200000000000001,6
e785dcb7,DA,20,20,13,2.23286195981092,1,2.7,12.76,4
e785dcb7,DA,20,20,14,4.260448729818457,1,9.0,5.2,14
e785dcb7,DA,20,20,15,4.9421296868923115,1,7.4,7.119999999999999,12
e785dcb7,DA,20,20,16,3.6209931245829807,1,0.30000000000000004,15.64,1
e785dcb7,DA,20,20,17,3.5532711503261383,1,4.7,10.36,9
e785dcb7,DA,20,20,18,8.418208460909796,1,2.2,13.36,3
e785dcb7,DA,20,20,19,5.480048734602372,1,7.9,6.52,13
86e2969d,DA,20,20,0,3.4057878700121234,1,1.4000000000000001,14.32,1
86e2969d,DA,20,20,1,10.890127750777962,0,10.0,0.0,-1
86e2969d,DA,20,20,2,9.821944041630971,0,10.0,0.0,-1
86e2969d,DA,20,20,3,5.344563482560469,1,5.7,9.16,8
86e2969d,DA,20,20,4,8.395465166850162,1,3.6,11.68,2
86e2969d,DA,20,20,5,14.67267403690368,0,10.0,0.0,-1
86e2969d,DA,20,20,6,12.059092593336791,0,10.0,0.0,-1
86e2969d,DA,20,20,7,7.789669588495639,1,4.800000000000001,10.24,5
86e2969d,DA,20,20,8,8.755797368515495,0,10.0,0.0,-1
86e2969d,DA,20,20,9,4.17445813049353,1,7.2,7.359999999999999,11
86e2969d,DA,20,20,10,8.314370763594278,1,1.4000000000000001,14.32,0
86e2969d,DA,20,20,11,7.920858954996369,1,6.1000000000000005,8.68,9
86e2969d,DA,20,20,12,7.535214675659911,1,5.1000000000000005,9.88,6
86e2969d,DA,20,20,13,4.075086473066145,1,4.3,10.840000000000002,4
86e2969d,DA,20,20,14,6.999094202728914,0,10.0,0.0,-1
86e2969d,DA,20,20,15,3.560247417453844,1,6.7,7.96,10
86e2969d,DA,20,20,16,6.418153016505458,0,10.0,0.0,-1
86e2969d,DA,20,20,17,9.171686914848625,0,10.0,0.0,-1
86e2969d,DA,20,20,18,6.978737710620136,1,3.8000000000000003,11.440000000000001,3
86e2969d,DA,20,20,19,8.729529253187668,1,5.2,9.76,7
30854e5d,DA,20,20,0,8.733661150063252,0,10.0,0.0,-1
30854e5d,DA,20,20,1,2.92466839191229,1,6.800000000000001,7.84,11
30854e5d,DA,20,20,2,5.065801236919529,1,6.7,7.96,10
30854e5d,DA,20,20,3,8.744275273575862,0,10.0,0.0,-1
30854e5d,DA,20,20,4,16.228768384150342,0,10.0,0.0,-1
30854e5d,DA,20,20,5,7.085276160706544,1,5.800000000000001,9.04,8
30854e5d,DA,20,20,6,5.084430076778691,1,2.5,13.0,2
30854e5d,DA,20,20,7,4.25091618772682,1,4.7,10.36,5
30854e5d,DA,20,20,8,5.088440886934131,1,0.30000000000000004,15.64,0
30854e5d,DA,20,20,9,6.28977871305303,0,10.0,0.0,-1
30854e5d,DA,20,20,10,9.281225284387057,0,10.0,0.0,-1
30854e5d,DA,20,20,11,8.39996537292221,1,4.9,10.12,6
30854e5d,DA,20,20,12,7.822665757062427,0,10.0,0.0,-1
30854e5d,DA,20,20,13,4.820261342780232,1,5.1000000000000005,9.88,7
30854e5d,DA,20,20,14,7.871548849548744,1,2.9000000000000004,12.52,3
30854e5d,DA,20,20,15,5.991350903907878,1,0.7000000000000001,15.16,1
30854e5d,DA,20,20,16,5.705370295664636,1,3.0,12.4,4
30854e5d,DA,20,20,17,2.7056834731007795,1,6.5,8.200000000000001,9
30854e5d,DA,20,20,18,5.899805179534431,1,7.5,7.0,12
30854e5d,DA,20,20,19,5.760309960817237,1,7.5,7.0,13
c6d79659,DA,20,20,0,5.125217076003088,1,5.2,9.76,8
c6d79659,DA,20,20,1,9.818754101012251,0,10.0,0.0,-1
c6d79659,DA,20,20,2,9.199047422046496,1,2.5,13.0,1
c6d79659,DA,20,20,3,4.152495495907577,1,6.5,8.200000000000001,13
c6d79659,DA,20,20,4,7.652880883670156,1,5.800000000000001,9.04,10
c6d79659,DA,20,20,5,6.696746787629311,1,5.1000000000000005,9.88,7
c6d79659,DA,20,20,6,3.524113878985023,1,8.1,6.280000000000001,16
c6d79659,DA,20,20,7,3.6921863202538026,1,6.300000000000001,8.44,11
c6d79659,DA,20,20,8,3.8706599639535497,1,2.2,13.36,0
c6d79659,DA,20,20,9,8.442830914643366,0,10.0,0.0,-1
c6d79659,DA,20,20,10,9.679081948190523,1,4.3,10.840000000000002,4
c6d79659,DA,20,20,11,3.944991057379813,1,7.1000000000000005,7.48,15
c6d79659,DA,20,20,12,8.74110561183196,1,5.0,10.0,6
c6d79659,DA,20,20,13,3.259622250124592,1,7.1000000000000005,7.48,14
c6d79659,DA,20,20,14,2.529327190688218,1,5.2,9.76,9
c6d79659,DA,20,20,15,8.324117972467288,1,3.4000000000000004,11.92,2
c6d79659,DA,20,20,16,12.398261024159458,0,10.0,0.0,-1
c6d79659,DA,20,20,17,5.022582010592241,1,6.4,8.319999999999999,12
c6d79659,DA,20,20,18,8.712601192217555,1,3.6,11.68,3
c6d79659,DA,20,20,19,3.5517269109917002,1,4.6000000000000005,10.48,5
6a6f92df,DA,20,20,0,2.657674926068113,1,7.4,7.119999999999999,14
6a6f92df,DA,20,20,1,11.397010877145396,0,10.0,0.0,-1
6a6f92df,DA,20,20,2,4.544461830801408,1,2.2,13.36,3
6a6f92df,DA,20,20,3,9.358003432789205,0,10.0,0.0,-1
6a6f92df,DA,20,20,4,6.12043858762772,1,7.2,7.359999999999999,13
6a6f92df,DA,20,20,5,4.740436538582503,1,4.1000000000000005,11.08,5
6a6f92df,DA,20,20,6,3.3848718287240924,1,4.7,10.36,8
6a6f92df,DA,20,20,7,2.570088613328967,1,4.2,10.96,6
6a6f92df,DA,20,20,8,8.722492221350826,1,0.7000000000000001,15.16,2
6a6f92df,DA,20,20,9,4.663855953053646,1,6.5,8.200000000000001,9
6a6f92df,DA,20,20,10,8.410253908867865,0,10.0,0.0,-1
6a6f92df,DA,20,20,11,4.412253099652048,1,6.6000000000000005,8.08,10
6a6f92df,DA,20,20,12,10.379129549176762,0,10.0,0.0,-1
6a6f92df,DA,20,20,13,4.299551798407217,1,2.3000000000000003,13.240000000000002,4
6a6f92df,DA,20,20,14,7.135161851795424,1,0.4,15.52,0
6a6f92df,DA,20,20,15,7.08038695417701,0,10.0,0.0,-1
6a6f92df,DA,20,20,16,9.243105169425808,1,4.6000000000000005,10.48,7
6a6f92df,DA,20,20,17,5.746742209926697,1,6.800000000000001,7.84,11
6a6f92df,DA,20,20,18,6.697426085455098,1,0.4,15.52,1
6a6f92df,DA,20,20,19,3.7389907059054317,1,7.0,7.6000000000000005,12
22a7d44f,DA,20,40,0,7.849121804002777,1,2.6,12.880000000000003,8
22a7d44f,DA,20,40,1,7.974834221464741,1,0.1,15.880000000000003,0
22a7d44f,DA,20,40,2,5.312890359350792,1,6.0,8.8,17
22a7d44f,DA,20,40,3,5.297589597997882,1,2.9000000000000004,12.52,9
22a7d44f,DA,20,40,4,5.492800305923472,1,5.5,9.4,15
22a7d44f,DA,20,40,5,9.124183261517553,1,1.5,14.200000000000001,5
22a7d44f,DA,20,40,6,10.802879629047405,0,10.0,0.0,-1
22a7d44f,DA,20,40,7,5.8223799216471575,1,5.9,8.92,16
22a7d44f,DA,20,40,8,7.120676816200759,1,1.9000000000000001,13.719999999999999,6
22a7d44f,DA,20,40,9,6.8346814410395424,1,0.7000000000000001,15.16,1
22a7d44f,DA,20,40,10,4.302041155130491,1,4.0,11.200000000000001,13
22a7d44f,DA,20,40,11,17.014558685688453,0,10.0,0.0,-1
22a7d44f,DA,20,40,12,5.56390533294402,1,4.4,10.719999999999999,14
22a7d44f,DA,20,40,13,7.71608959834334,1,1.0,14.8,2
22a7d44f,DA,20,40,14,4.551552402570441,1,2.6,12.880000000000003,7
22a7d44f,DA,20,40,15,6.014901471466625,1,1.1,14.680000000000001,3
22a7d44f,DA,20,40,16,6.912165172232114,1,1.3,14.440000000000001,4
22a7d44f,DA,20,40,17,6.271964588210224,1,3.8000000000000003,11.440000000000001,11
22a7d44f,DA,20,40,18,9.353947567403255,1,3.7,11.56,10
22a7d44f,DA,20,40,19,9.935630518698405,1,4.0,11.200000000000001,12
a8f585f9,DA,20,40,0,14.715589006715355,0,10.0,0.0,-1
a8f585f9,DA,20,40,1,10.478276039423758,0,10.0,0.0,-1
a8f585f9,DA,20,40,2,10.65541520647491,0,10.0,0.0,-1
a8f585f9,DA,20,40,3,10.883496267113827,1,1.9000000000000001,13.719999999999999,1
a8f585f9,DA,20,40,4,5.474657945833693,1,4.6000000000000005,10.48,6
a8f585f9,DA,20,40,5,5.480001500603036,1,3.0,12.4,3
a8f585f9,DA,20,40,6,5.996881655342357,1,2.1,13.480000000000002,2
a8f585f9,DA,20,40,7,8.606044331686835,1,5.4,9.52,10
a8f585f9,DA,20,40,8,6.940833420866416,1,0.0,16.0,0
a8f585f9,DA,20,40,9,5.4120627146152955,1,6.4,8.319999999999999,14
a8f585f9,DA,20,40,10,10.57701209778111,1,4.0,11.200000000000001,5
a8f585f9,DA,20,40,11,3.883283383091471,1,6.2,8.56,13
a8f585f9,DA,20,40,12,3.412342138383467,1,5.5,9.4,11
a8f585f9,DA,20,40,13,11.660546576331612,0,10.0,0.0,-1
a8f585f9,DA,20,40,14,5.616281999372602,1,3.9000000000000004,11.32,4
a8f585f9,DA,20,40,15,6.883507779783831,1,4.7,10.36,7
a8f585f9,DA,20,40,16,2.4211733659118924,1,5.2,9.76,9
a8f585f9,DA,20,40,17,3.2893322431999414,1,6.7,7.96,15
a8f585f9,DA,20,40,18,6.298862695197555,1,5.7,9.16,12
a8f585f9,DA,20,40,19,2.5683936124347,1,4.9,10.12,8
9badd2f9,DA,20,40,0,4.901334112085258,1,3.2,12.16,5
9badd2f9,DA,20,40,1,3.641334197428215,1,4.2,10.96,8
9badd2f9,DA,20,40,2,4.226477074233492,1,5.6000000000000005,9.28,12
9badd2f9,DA,20,40,3,2.676829706439223,1,5.9,8.92,14
9badd2f9,DA,20,40,4,4.578585877015726,1,6.5,8.200000000000001,16
9badd2f9,DA,20,40,5,6.857257679881844,1,4.5,10.600000000000001,10
9badd2f9,DA,20,40,6,8.281096851634516,1,0.9,14.92,3
9badd2f9,DA,20,40,7,10.938230626748615,0,10.0,0.0,-1
9badd2f9,DA,20,40,8,6.213680086697095,1,6.0,8.8,15
9badd2f9,DA,20,40,9,9.044802959975925,1,4.3,10.840000000000002,9
9badd2f9,DA,20,40,10,12.198648026563138,0,10.0,0.0,-1
9badd2f9,DA,20,40,11,9.241951518660557,0,10.0,0.0,-1
9badd2f9,DA,20,40,12,9.526556498322913,1,0.8,15.040000000000001,2
9badd2f9,DA,20,40,13,4.6980976261325464,1,3.5,11.8,7
9badd2f9,DA,20,40,14,9.569074550035502,1,3.3000000000000003,12.040000000000001,6
9badd2f9,DA,20,40,15,7.0075595956444925,1,0.7000000000000001,15.16,0
9badd2f9,DA,20,40,16,4.916636440055003,1,4.6000000000000005,10.48,11
9badd2f9,DA,20,40,17,10.387806153055239,1,1.3,14.440000000000001,4
9badd2f9,DA,20,40,18,4.1118588908661895,1,0.7000000000000001,15.16,1
9badd2f9,DA,20,40,19,4.653322668715655,1,5.800000000000001,9.04,13
4adbbea7,DA,20,40,0,3.6503780564754438,1,3.5,11.8,12
4adbbea7,DA,20,40,1,8.543706021011213,1,2.6,12.880000000000003,7
4adbbea7,DA,20,40,2,4.861920428997773,1,2.1,13.480000000000002,6
4adbbea7,DA,20,40,3,10.617584890777836,1,4.0,11.200000000000001,13
4adbbea7,DA,20,40,4,3.8959627706270514,1,3.1,12.280000000000001,9
4adbbea7,DA,20,40,5,13.415969607769613,0,10.0,0.0,-1
4adbbea7,DA,20,40,6,5.179053290642942,1,0.8,15.040000000000001,4
4adbbea7,DA,20,40,7,5.795304258972274,1,5.0,10.0,15
4adbbea7,DA,20,40,8,10.942592385199417,0,10.0,0.0,-1
4adbbea7,DA,20,40,9,13.651004512949473,1,0.0,16.0,3
4adbbea7,DA,20,40,10,4.3434301311640615,1,1.0,14.8,5
4adbbea7,DA,20,40,11,3.953219225176214,1,0.0,16.0,0
4adbbea7,DA,20,40,12,3.1128280936299526,1,0.0,16.0,1
4adbbea7,DA,20,40,13,5.372194005358077,1,3.4000000000000004,11.92,11
4adbbea7,DA,20,40,14,3.954094611259015,1,4.2,10.96,14
4adbbea7,DA,20,40,15,7.986897995806296,1,2.6,12.880000000000003,8
4adbbea7,DA,20,40,16,4.64668518589076,1,3.2,12.16,10
4adbbea7,DA,20,40,17,11.412948680588814,0,10.0,0.0,-1
4adbbea7,DA,20,40,18,15.022200577895404,0,10.0,0.0,-1
4adbbea7,DA,20,40,19,6.660260551589055,1,0.0,16.0,2
adb270b1,DA,20,40,0,11.240853163238654,1,0.7000000000000001,15.16,1
adb270b1,DA,20,40,1,6.011873456736815,1,3.6,11.68,9
adb270b1,DA,20,40,2,7.971120543030704,1,4.1000000000000005,11.08,11
adb270b1,DA,20,40,3,5.777702975814673,1,2.9000000000000004,12.52,6
adb270b1,DA,20,40,4,6.002527360277336,1,1.9000000000000001,13.719999999999999,4
adb270b1,DA,20,40,5,10.89740666774595,1,3.8000000000000003,11.440000000000001,10
adb270b1,DA,20,40,6,7.4279284446404885,1,5.5,9.4,18
adb270b1,DA,20,40,7,6.9707722748243794,1,2.4000000000000004,13.12,5
adb270b1,DA,20,40,8,7.64288180339707,1,5.300000000000001,9.64,15
adb270b1,DA,20,40,9,4.553977497475277,1,3.5,11.8,8
adb270b1,DA,20,40,10,6.660231837245179,1,0.2,15.76,0
adb270b1,DA,20,40,11,6.474106792911011,1,3.2,12.16,7
adb270b1,DA,20,40,12,4.90806573719993,1,4.3,10.840000000000002,13
adb270b1,DA,20,40,13,8.814079382874832,1,0.7000000000000001,15.16,2
adb270b1,DA,20,40,14,8.581806428712575,1,5.300000000000001,9.64,16
adb270b1,DA,20,40,15,5.49178726621942,1,1.2000000000000002,14.56,3
adb270b1,DA,20,40,16,5.92974695002679,1,5.4,9.52,17
adb270b1,DA,20,40,17,5.406168768457294,1,4.2,10.96,12
adb270b1,DA,20,40,18,8.552297678168395,1,5.2,9.76,14
adb270b1,DA,20,40,19,5.480023448961682,1,5.5,9.4,19
95300833,DA,40,20,0,6.548089636753988,0,10.0,0.0,-1
95300833,DA,40,20,1,5.967796438134433,0,10.0,0.0,-1
95300833,DA,40,20,2,5.882789362231723,0,10.0,0.0,-1
95300833,DA,40,20,3,4.865994949901233,0,10.0,0.0,-1
95300833,DA,40,20,4,4.294929926854565,1,2.7,12.76,5
95300833,DA,40,20,5,8.545164464032627,1,0.0,16.0,0
95300833,DA,40,20,6,5.568706814910977,0,10.0,0.0,-1
95300833,DA,40,20,7,3.598014312513958,1,8.9,5.319999999999999,12
95300833,DA,40,20,8,9.044558248775623,0,10.0,0.0,-1
95300833,DA,40,20,9,2.930892441524042,1,9.200000000000001,4.96,13
95300833,DA,40,20,10,13.969151323163759,0,10.0,0.0,-1
95300833,DA,40,20,11,9.271620113035963,1,0.0,16.0,1
95300833,DA,40,20,12,6.734422438113524,0,10.0,0.0,-1
95300833,DA,40,20,13,5.630080509121114,1,2.8000000000000003,12.64,6
95300833,DA,40,20,14,4.773683063977057,1,3.1,12.280000000000001,7
95300833,DA,40,20,15,3.681604061093566,1,9.4,4.719999999999999,14
95300833,DA,40,20,16,7.588372227778915,0,10.0,0.0,-1
95300833,DA,40,20,17,2.5870847593047026,1,9.600000000000001,4.479999999999999,15
95300833,DA,40,20,18,8.039796137779756,0,10.0,0.0,-1
95300833,DA,40,20,19,8.8070715952156,0,10.0,0.0,-1
95300833,DA,40,20,20,6.572466255665627,0,10.0,0.0,-1
95300833,DA,40,20,21,2.674634036580688,1,0.7000000000000001,15.16,3
95300833,DA,40,20,22,7.461847769308372,0,10.0,0.0,-1
95300833,DA,40,20,23,4.215120267812568,1,7.4,7.119999999999999,11
95300833,DA,40,20,24,7.816650782137932,0,10.0,0.0,-1
95300833,DA,40,20,25,9.152266362869081,0,10.0,0.0,-1
95300833,DA,40,20,26,4.416824935728503,1,0.9,14.92,4
95300833,DA,40,20,27,13.481654912063068,0,10.0,0.0,-1
95300833,DA,40,20,28,5.716831675243144,0,10.0,0.0,-1
95300833,DA,40,20,29,8.46280244001627,1,0.1,15.880000000000003,2
95300833,DA,40,20,30,7.431353066576124,0,10.0,0.0,-1
95300833,DA,40,20,31,6.688505544236822,0,10.0,0.0,-1
95300833,DA,40,20,32,4.763254592640324,0,10.0,0.0,-1
95300833,DA,40,20,33,6.689111552012461,0,10.0,0.0,-1
95300833,DA,40,20,34,8.318333360488687,1,4.5,10.600000000000001,8
95300833,DA,40,20,35,5.8584300450435585,0,10.0,0.0,-1
95300833,DA,40,20,36,6.815597873901025,1,6.800000000000001,7.84,10
95300833,DA,40,20,37,4.927164483449693,0,10.0,0.0,-1
95300833,DA,40,20,38,6.508928252306599,1,6.800000000000001,7.84,9
95300833,DA,40,20,39,6.5740298953582945,0,10.0,0.0,-1
39cbf0e8,DA,40,20,0,9.584563636041175,0,10.0,0.0,-1
39cbf0e8,DA,40,20,1,5.120377279684426,0,10.0,0.0,-1
39cbf0e8,DA,40,20,2,2.9961634276676548,1,3.4000000000000004,11.92,6
39cbf0e8,DA,40,20,3,6.76157763185624,0,10.0,0.0,-1
39cbf0e8,DA,40,20,4,3.3680411696907817,1,3.5,11.8,7
39cbf0e8,DA,40,20,5,7.043430892984917,0,10.0,0.0,-1
39cbf0e8,DA,40,20,6,4.66220392417973,0,10.0,0.0,-1
39cbf0e8,DA,40,20,7,5.1397655465465535,0,10.0,0.0,-1
39cbf0e8,DA,40,20,8,8.724765519605226,0,10.0,0.0,-1
39cbf0e8,DA,40,20,9,5.870681459338053,1,4.7,10.36,9
39cbf0e8,DA,40,20,10,10.934933559054564,1,3.5,11.8,8
39cbf0e8,DA,40,20,11,7.392504008116733,1,0.2,15.76,1
39cbf0e8,DA,40,20,12,8.959715785473575,0,10.0,0.0,-1
39cbf0e8,DA,40,20,13,10.671627176300008,0,10.0,0.0,-1
39cbf0e8,DA,40,20,14,10.180246410340109,0,10.0,0.0,-1
39cbf0e8,DA,40,20,15,4.570426753586119,1,6.0,8.8,11
39cbf0e8,DA,40,20,16,7.004658126225185,1,6.5,8.200000000000001,14
39cbf0e8,DA,40,20,17,2.496612793013101,1,8.8,5.4399999999999995,17
39cbf0e8,DA,40,20,18,9.858701418761424,0,10.0,0.0,-1
39cbf0e8,DA,40,20,19,9.115452322212995,0,10.0,0.0,-1
39cbf0e8,DA,40,20,20,8.285925166252786,0,10.0,0.0,-1
39cbf0e8,DA,40,20,21,4.743810224893407,0,10.0,0.0,-1
39cbf0e8,DA,40,20,22,11.226115294618426,0,10.0,0.0,-1
39cbf0e8,DA,40,20,23,6.77073922982014,1,2.7,12.76,5
39cbf0e8,DA,40,20,24,4.371910046512234,1,8.8,5.4399999999999995,18
39cbf0e8,DA,40,20,25,6.061933031215748,0,10.0,0.0,-1
39cbf0e8,DA,40,20,26,7.312774724581643,0,10.0,0.0,-1
39cbf0e8,DA,40,20,27,5.562918705575856,0,10.0,0.0,-1
39cbf0e8,DA,40,20,28,2.2289934157121394,1,7.2,7.359999999999999,15
39cbf0e8,DA,40,20,29,11.25357248266764,1,2.3000000000000003,13.240000000000002,4
39cbf0e8,DA,40,20,30,5.7746955701967035,1,1.8,13.840000000000002,3
39cbf0e8,DA,40,20,31,8.317844469852496,0,10.0,0.0,-1
39cbf0e8,DA,40,20,32,4.89085616587248,0,10.0,0.0,-1
39cbf0e8,DA,40,20,33,2.804120790892846,1,0.1,15.880000000000003,0
39cbf0e8,DA,40,20,34,3.6320869691316013,1,6.2,8.56,13
39cbf0e8,DA,40,20,35,5.648166287335485,1,0.5,15.4,2
39cbf0e8,DA,40,20,36,4.483621783061708,1,8.200000000000001,6.16,16
39cbf0e8,DA,40,20,37,3.803970009863327,1,5.5,9.4,10
39cbf0e8,DA,40,20,38,3.0297152323221437,1,9.1,5.080000000000002,19
39cbf0e8,DA,40,20,39,5.988760076898004,1,6.1000000000000005,8.68,12
0f9cac4f,DA,40,20,0,7.447339906256744,0,10.0,0.0,-1
0f9cac4f,DA,40,20,1,2.016749482181288,1,5.7,9.16,6
0f9cac4f,DA,40,20,2,14.525657560531215,0,10.0,0.0,-1
0f9cac4f,DA,40,20,3,10.675755495944049,0,10.0,0.0,-1
0f9cac4f,DA,40,20,4,4.828146698246558,0,10.0,0.0,-1
0f9cac4f,DA,40,20,5,5.828389540184024,1,7.800000000000001,6.64,15
0f9cac4f,DA,40,20,6,5.393776520143978,1,6.6000000000000005,8.08,9
0f9cac4f,DA,40,20,7,7.492851095163788,0,10.0,0.0,-1
0f9cac4f,DA,40,20,8,11.13434571795872,0,10.0,0.0,-1
0f9cac4f,DA,40,20,9,7.4883377071235335,0,10.0,0.0,-1
0f9cac4f,DA,40,20,10,3.2840742041526196,1,9.4,4.719999999999999,18
0f9cac4f,DA,40,20,11,12.437559122391496,0,10.0,0.0,-1
0f9cac4f,DA,40,20,12,3.715564566862963,0,10.0,0.0,-1
0f9cac4f,DA,40,20,13,11.287850218198505,0,10.0,0.0,-1
0f9cac4f,DA,40,20,14,7.594604217373265,0,10.0,0.0,-1
0f9cac4f,DA,40,20,15,2.8250464028600333,1,6.7,7.96,11
0f9cac4f,DA,40,20,16,2.736814153354635,1,6.300000000000001,8.44,7
0f9cac4f,DA,40,20,17,6.794708372717697,1,6.4,8.319999999999999,8
0f9cac4f,DA,40,20,18,5.10525746853623,1,7.800000000000001,6.64,16
0f9cac4f,DA,40,20,19,5.921447222648048,0,10.0,0.0,-1
0f9cac4f,DA,40,20,20,4.503314498582157,0,10.0,0.0,-1
0f9cac4f,DA,40,20,21,9.299637933821666,0,10.0,0.0,-1
0f9cac4f,DA,40,20,22,5.834709847355444,1,7.5,7.0,14
0f9cac4f,DA,40,20,23,6.011448675717514,1,7.2,7.359999999999999,12
0f9cac4f,DA,40,20,24,6.123850514053955,0,10.0,0.0,-1
0f9cac4f,DA,40,20,25,6.3151605297052065,0,10.0,0.0,-1
0f9cac4f,DA,40,20,26,4.214040212449129,1,8.9,5.319999999999999,17
0f9cac4f,DA,40,20,27,4.856575045161273,1,0.30000000000000004,15.64,0
0f9cac4f,DA,40,20,28,3.560945139971892,0,10.0,0.0,-1
0f9cac4f,DA,40,20,29,6.300593499333912,1,7.300000000000001,7.239999999999999,13
0f9cac4f,DA,40,20,30,6.514731408146162,1,6.6000000000000005,8.08,10
0f9cac4f,DA,40,20,31,4.770356437947413,0,10.0,0.0,-1
0f9cac4f,DA,40,20,32,5.467117660496981,0,10.0,0.0,-1
0f9cac4f,DA,40,20,33,4.069312941151118,1,3.5,11.8,3
0f9cac4f,DA,40,20,34,5.48537930482498,1,2.7,12.76,1
0f9cac4f,DA,40,20,35,2.881006254166997,1,3.5,11.8,2
0f9cac4f,DA,40,20,36,8.090879218095257,1,5.2,9.76,4
0f9cac4f,DA,40,20,37,4.427198590705671,0,10.0,0.0,-1
0f9cac4f,DA,40,20,38,6.489010399648559,1,5.6000000000000005,9.28,5
0f9cac4f,DA,40,20,39,10.05725813772974,0,10.0,0.0,-1
9b41956d,DA,40,20,0,6.933949573367324,1,4.4,10.719999999999999,4
9b41956d,DA,40,20,1,5.139642615813701,1,5.1000000000000005,9.88,7
9b41956d,DA,40,20,2,5.917582870609781,0,10.0,0.0,-1
9b41956d,DA,40,20,3,4.396912053569127,1,7.6000000000000005,6.88,12
9b41956d,DA,40,20,4,5.202925058858879,0,10.0,0.0,-1
9b41956d,DA,40,20,5,6.855799376752469,0,10.0,0.0,-1
9b41956d,DA,40,20,6,5.0117615622243505,0,10.0,0.0,-1
9b41956d,DA,40,20,7,7.685653416564396,1,5.0,10.0,5
9b41956d,DA,40,20,8,5.012668073657836,1,0.30000000000000004,15.64,0
9b41956d,DA,40,20,9,4.843022397066417,0,10.0,0.0,-1
9b41956d,DA,40,20,10,12.561196161779653,0,10.0,0.0,-1
9b41956d,DA,40,20,11,7.381490686291402,1,4.0,11.200000000000001,3
9b41956d,DA,40,20,12,3.9013545346304426,1,8.6,5.6800000000000015,15
9b41956d,DA,40,20,13,4.085660537200749,1,1.3,14.440000000000001,1
9b41956d,DA,40,20,14,6.3671762273186845,0,10.0,0.0,-1
9b41956d,DA,40,20,15,7.761611977679818,0,10.0,0.0,-1
9b41956d,DA,40,20,16,4.570561656740018,1,8.4,5.919999999999999,14
9b41956d,DA,40,20,17,5.409818125672719,1,5.5,9.4,8
9b41956d,DA,40,20,18,5.202757867105747,0,10.0,0.0,-1
9b41956d,DA,40,20,19,8.480999624160539,0,10.0,0.0,-1
9b41956d,DA,40,20,20,3.2486778692531275,1,8.8,5.4399999999999995,16
9b41956d,DA,40,20,21,4.934556309771144,1,7.2,7.359999999999999,10
9b41956d,DA,40,20,22,4.716741028936734,1,7.2,7.359999999999999,11
9b41956d,DA,40,20,23,7.0234585611170255,0,10.0,0.0,-1
9b41956d,DA,40,20,24,6.179384033919711,0,10.0,0.0,-1
9b41956d,DA,40,20,25,7.7026357925932745,1,5.0,10.0,6
9b41956d,DA,40,20,26,9.39969617194162,1,3.5,11.8,2
9b41956d,DA,40,20,27,11.407805171969517,0,10.0,0.0,-1
9b41956d,DA,40,20,28,8.51042795986845,0,10.0,0.0,-1
9b41956d,DA,40,20,29,5.3735151427149574,0,10.0,0.0,-1
9b41956d,DA,40,20,30,6.204484663372129,0,10.0,0.0,-1
9b41956d,DA,40,20,31,13.639440115987336,0,10.0,0.0,-1
9b41956d,DA,40,20,32,10.67576251531275,0,10.0,0.0,-1
9b41956d,DA,40,20,33,5.488584693663997,0,10.0,0.0,-1
9b41956d,DA,40,20,34,5.065548427933591,0,10.0,0.0,-1
9b41956d,DA,40,20,35,11.260473344345888,0,10.0,0.0,-1
9b41956d,DA,40,20,36,2.6266342573523804,1,7.7,6.76,13
9b41956d,DA,40,20,37,4.40112821364477,1,6.0,8.8,9
9b41956d,DA,40,20,38,7.537312714161588,0,10.0,0.0,-1
9b41956d,DA,40,20,39,11.326090781603071,0,10.0,0.0,-1
e0824fcf,DA,40,20,0,6.726998167992635,0,10.0,0.0,-1
e0824fcf,DA,40,20,1,7.1343369547489734,1,4.1000000000000005,11.08,4
e0824fcf,DA,40,20,2,5.520261327687782,0,10.0,0.0,-1
e0824fcf,DA,40,20,3,6.33568210148355,0,10.0,0.0,-1
e0824fcf,DA,40,20,4,4.967548005986841,0,10.0,0.0,-1
e0824fcf,DA,40,20,5,5.156407192269965,0,10.0,0.0,-1
e0824fcf,DA,40,20,6,6.485876314319939,1,7.300000000000001,7.239999999999999,14
e0824fcf,DA,40,20,7,4.960608986449599,0,10.0,0.0,-1
e0824fcf,DA,40,20,8,3.784798506144271,0,10.0,0.0,-1
e0824fcf,DA,40,20,9,7.500709525654468,1,4.1000000000000005,11.08,5
e0824fcf,DA,40,20,10,6.2157040519621996,1,3.4000000000000004,11.92,3
e0824fcf,DA,40,20,11,4.631116067021378,1,5.7,9.16,10
e0824fcf,DA,40,20,12,5.572157565291335,0,10.0,0.0,-1
e0824fcf,DA,40,20,13,11.263162210082738,1,2.5,13.0,0
e0824fcf,DA,40,20,14,5.423515314521701,1,6.800000000000001,7.84,12
e0824fcf,DA,40,20,15,8.591201918634999,1,5.1000000000000005,9.88,9
e0824fcf,DA,40,20,16,9.1074679001579,0,10.0,0.0,-1
e0824fcf,DA,40,20,17,6.502261400552615,1,2.9000000000000004,12.52,1
e0824fcf,DA,40,20,18,4.794782219670459,0,10.0,0.0,-1
e0824fcf,DA,40,20,19,12.183320402198028,0,10.0,0.0,-1
e0824fcf,DA,40,20,20,5.140609315840997,0,10.0,0.0,-1
e0824fcf,DA,40,20,21,4.823490430623223,0,10.0,0.0,-1
e0824fcf,DA,40,20,22,3.497137604752674,1,8.9,5.319999999999999,17
e0824fcf,DA,40,20,23,6.222194448763015,0,10.0,0.0,-1
e0824fcf,DA,40,20,24,2.618148579015869,1,4.1000000000000005,11.08,6
e0824fcf,DA,40,20,25,6.5626535223589,0,10.0,0.0,-1
e0824fcf,DA,40,20,26,2.49460867972252,1,6.4,8.319999999999999,11
e0824fcf,DA,40,20,27,6.1878256286477535,1,5.1000000000000005,9.88,8
e0824fcf,DA,40,20,28,10.60224269291946,0,10.0,0.0,-1
e0824fcf,DA,40,20,29,7.514769644656812,1,5.0,10.0,7
e0824fcf,DA,40,20,30,6.171437008743636,1,3.3000000000000003,12.040000000000001,2
e0824fcf,DA,40,20,31,8.206985363427235,0,10.0,0.0,-1
e0824fcf,DA,40,20,32,6.171426754575129,0,10.0,0.0,-1
e0824fcf,DA,40,20,33,9.629962796771002,0,10.0,0.0,-1
e0824fcf,DA,40,20,34,5.088047903928956,1,7.2,7.359999999999999,13
e0824fcf,DA,40,20,35,4.173566070972842,1,7.9,6.52,15
e0824fcf,DA,40,20,36,8.232806025447967,0,10.0,0.0,-1
e0824fcf,DA,40,20,37,3.8027579312218402,0,10.0,0.0,-1
e0824fcf,DA,40,20,38,3.071944844584809,1,8.5,5.800000000000001,16
e0824fcf,DA,40,20,39,6.5088389356015615,0,10.0,0.0,-1
17b4f125,DA,40,40,0,17.728563983691224,0,10.0,0.0,-1
17b4f125,DA,40,40,1,3.5137822171230995,1,8.3,6.039999999999999,27
17b4f125,DA,40,40,2,2.9091768279102492,1,0.8,15.040000000000001,0
17b4f125,DA,40,40,3,4.265071181164596,1,4.6000000000000005,10.48,10
17b4f125,DA,40,40,4,2.9902883243188683,1,5.300000000000001,9.64,16
17b4f125,DA,40,40,5,6.337144566775463,1,7.0,7.6000000000000005,22
17b4f125,DA,40,40,6,2.497893651984447,1,5.0,10.0,15
17b4f125,DA,40,40,7,5.814418725298262,1,3.8000000000000003,11.440000000000001,8
17b4f125,DA,40,40,8,12.827261277513635,0,10.0,0.0,-1
17b4f125,DA,40,40,9,5.4393772175025905,1,4.7,10.36,12
17b4f125,DA,40,40,10,5.852800022326177,0,10.0,0.0,-1
17b4f125,DA,40,40,11,17.624563848293587,0,10.0,0.0,-1
17b4f125,DA,40,40,12,3.3598195541165916,1,7.0,7.6000000000000005,21
17b4f125,DA,40,40,13,15.352776806425814,0,10.0,0.0,-1
17b4f125,DA,40,40,14,3.742351059005917,1,6.2,8.56,18
17b4f125,DA,40,40,15,6.146252704687718,1,6.7,7.96,19
17b4f125,DA,40,40,16,9.437443003568818,1,3.5,11.8,7
17b4f125,DA,40,40,17,8.682372689411125,1,1.9000000000000001,13.719999999999999,1
17b4f125,DA,40,40,18,3.6821488721252944,1,8.1,6.280000000000001,26
17b4f125,DA,40,40,19,5.325589974670132,1,7.7,6.76,25
17b4f125,DA,40,40,20,4.707100093785927,1,4.6000000000000005,10.48,11
17b4f125,DA,40,40,21,4.625580696386805,1,2.0,13.600000000000001,2
17b4f125,DA,40,40,22,4.986330711447972,1,2.8000000000000003,12.64,4
17b4f125,DA,40,40,23,4.343842266731788,1,6.0,8.8,17
17b4f125,DA,40,40,24,10.470492014205485,0,10.0,0.0,-1
17b4f125,DA,40,40,25,4.112518285471758,1,7.300000000000001,7.239999999999999,23
17b4f125,DA,40,40,26,3.59847509826984,1,7.5,7.0,24
17b4f125,DA,40,40,27,4.648102712683183,1,3.0,12.4,5
17b4f125,DA,40,40,28,11.899837282626438,0,10.0,0.0,-1
17b4f125,DA,40,40,29,4.900160186526901,1,4.800000000000001,10.24,13
17b4f125,DA,40,40,30,6.588311796490336,0,10.0,0.0,-1
17b4f125,DA,40,40,31,4.424911900990769,1,6.800000000000001,7.84,20
17b4f125,DA,40,40,32,14.608038584775198,0,10.0,0.0,-1
17b4f125,DA,40,40,33,4.335481230121602,1,4.2,10.96,9
17b4f125,DA,40,40,34,6.496493418837158,1,3.0,12.4,6
17b4f125,DA,40,40,35,10.487814398388455,1,2.3000000000000003,13.240000000000002,3
17b4f125,DA,40,40,36,6.520248285803409,0,10.0,0.0,-1
17b4f125,DA,40,40,37,12.971698767932516,0,10.0,0.0,-1
17b4f125,DA,40,40,38,7.524819090657431,1,4.9,10.12,14
17b4f125,DA,40,40,39,7.046549744399208,0,10.0,0.0,-1
a34b4518,DA,40,40,0,7.253516067838,0,10.0,0.0,-1
a34b4518,DA,40,40,1,8.246703191719977,1,0.1,15.880000000000003,0
a34b4518,DA,40,40,2,8.718212100872982,1,1.8,13.840000000000002,6
a34b4518,DA,40,40,3,5.1074364304344515,1,3.3000000000000003,12.040000000000001,11
a34b4518,DA,40,40,4,6.832250447210315,0,10.0,0.0,-1
a34b4518,DA,40,40,5,4.956841415542753,1,1.1,14.680000000000001,3
a34b4518,DA,40,40,6,2.889922320181673,1,7.300000000000001,7.239999999999999,22
a34b4518,DA,40,40,7,5.11451684546131,1,7.5,7.0,25
a34b4518,DA,40,40,8,5.170628277002557,0,10.0,0.0,-1
a34b4518,DA,40,40,9,9.881753025574001,1,2.4000000000000004,13.12,8
a34b4518,DA,40,40,10,4.368628011708693,1,1.9000000000000001,13.719999999999999,7
a34b4518,DA,40,40,11,7.1558676921690365,0,10.0,0.0,-1
a34b4518,DA,40,40,12,7.544675789041752,0,10.0,0.0,-1
a34b4518,DA,40,40,13,5.700727329621581,1,7.5,7.0,24
a34b4518,DA,40,40,14,12.711578630793754,0,10.0,0.0,-1
a34b4518,DA,40,40,15,7.781785728519648,1,6.0,8.8,15
a34b4518,DA,40,40,16,3.6468038816999133,1,5.1000000000000005,9.88,13
a34b4518,DA,40,40,17,9.646662102028747,0,10.0,0.0,-1
a34b4518,DA,40,40,18,6.129634864231126,1,0.4,15.52,1
a34b4518,DA,40,40,19,5.438016208868321,1,6.800000000000001,7.84,20
a34b4518,DA,40,40,20,4.256292899234871,1,6.6000000000000005,8.08,19
a34b4518,DA,40,40,21,4.945226218427093,1,5.4,9.52,14
a34b4518,DA,40,40,22,11.381896802492275,0,10.0,0.0,-1
a34b4518,DA,40,40,23,8.76029080167583,0,10.0,0.0,-1
a34b4518,DA,40,40,24,4.243362649137248,1,2.8000000000000003,12.64,9
a34b4518,DA,40,40,25,10.487391719359561,1,0.9,14.92,2
a34b4518,DA,40,40,26,9.411158267942026,0,10.0,0.0,-1
a34b4518,DA,40,40,27,10.008673696407245,0,10.0,0.0,-1
a34b4518,DA,40,40,28,4.423640379630559,1,6.6000000000000005,8.08,17
a34b4518,DA,40,40,29,8.513046112497003,0,10.0,0.0,-1
a34b4518,DA,40,40,30,2.7312027410759665,1,1.1,14.680000000000001,4
a34b4518,DA,40,40,31,12.720633903860186,0,10.0,0.0,-1
a34b4518,DA,40,40,32,16.85269094077513,0,10.0,0.0,-1
a34b4518,DA,40,40,33,4.600738372518039,1,7.4,7.119999999999999,23
a34b4518,DA,40,40,34,7.471198953963153,1,3.9000000000000004,11.32,12
a34b4518,DA,40,40,35,4.057033727014109,1,6.6000000000000005,8.08,18
a34b4518,DA,40,40,36,4.664021629129075,1,6.5,8.200000000000001,16
a34b4518,DA,40,40,37,7.353372862575817,1,3.0,12.4,10
a34b4518,DA,40,40,38,4.878808317177553,1,1.3,14.440000000000001,5
a34b4518,DA,40,40,39,3.853784936471285,1,7.2,7.359999999999999,21
f68c744c,DA,40,40,0,2.309094077706609,1,3.3000000000000003,12.040000000000001,10
f68c744c,DA,40,40,1,5.787392339713946,1,4.9,10.12,17
f68c744c,DA,40,40,2,7.476864932348627,1,6.2,8.56,21
f68c744c,DA,40,40,3,7.423957168360557,1,3.2,12.16,9
f68c744c,DA,40,40,4,6.515351127683484,1,3.7,11.56,12
f68c744c,DA,40,40,5,6.081317980435333,0,10.0,0.0,-1
f68c744c,DA,40,40,6,3.5740358410889286,1,0.4,15.52,3
f68c744c,DA,40,40,7,8.846811859389366,1,3.8000000000000003,11.440000000000001,13
f68c744c,DA,40,40,8,3.882581285895512,1,8.3,6.039999999999999,28
f68c744c,DA,40,40,9,4.216204904553236,1,5.9,8.92,19
f68c744c,DA,40,40,10,8.197433816235952,1,1.9000000000000001,13.719999999999999,6
f68c744c,DA,40,40,11,5.477173337871151,1,6.5,8.200000000000001,23
f68c744c,DA,40,40,12,4.163937290977466,1,0.0,16.0,0
f68c744c,DA,40,40,13,3.025566439147215,1,4.800000000000001,10.24,16
f68c744c,DA,40,40,14,3.9728566682699054,1,7.6000000000000005,6.88,27
f68c744c,DA,40,40,15,4.607912866373894,1,6.0,8.8,20
f68c744c,DA,40,40,16,6.853594315298532,1,6.6000000000000005,8.08,24
f68c744c,DA,40,40,17,9.523017407346783,0,10.0,0.0,-1
f68c744c,DA,40,40,18,8.69675504661545,0,10.0,0.0,-1
f68c744c,DA,40,40,19,6.292033012131878,0,10.0,0.0,-1
f68c744c,DA,40,40,20,8.019065293773425,1,3.4000000000000004,11.92,11
f68c744c,DA,40,40,21,6.601217582486375,0,10.0,0.0,-1
f68c744c,DA,40,40,22,3.784601758563041,1,7.0,7.6000000000000005,25
f68c744c,DA,40,40,23,5.844221963577245,1,0.9,14.92,4
f68c744c,DA,40,40,24,8.675713170970834,1,2.8000000000000003,12.64,8
f68c744c,DA,40,40,25,9.048546702442975,1,0.1,15.880000000000003,1
f68c744c,DA,40,40,26,11.689474444049774,0,10.0,0.0,-1
f68c744c,DA,40,40,27,4.933598265899409,1,7.300000000000001,7.239999999999999,26
f68c744c,DA,40,40,28,6.681675677945825,0,10.0,0.0,-1
f68c744c,DA,40,40,29,6.815615478323614,1,4.7,10.36,15
f68c744c,DA,40,40,30,10.818384013407414,0,10.0,0.0,-1
f68c744c,DA,40,40,31,8.751940465479615,0,10.0,0.0,-1
f68c744c,DA,40,40,32,6.553547070805235,1,0.2,15.76,2
f68c744c,DA,40,40,33,5.385022741805681,1,2.4000000000000004,13.12,7
f68c744c,DA,40,40,34,7.875956075076509,1,6.2,8.56,22
f68c744c,DA,40,40,35,3.2755678391883296,1,5.1000000000000005,9.88,18
f68c744c,DA,40,40,36,9.804576706868518,0,10.0,0.0,-1
f68c744c,DA,40,40,37,2.6576992859502506,1,1.8,13.840000000000002,5
f68c744c,DA,40,40,38,4.0669730136827615,1,4.6000000000000005,10.48,14
f68c744c,DA,40,40,39,7.589623223590322,0,10.0,0.0,-1
105e064f,DA,40,40,0,4.069541364197686,1,2.5,13.0,8
105e064f,DA,40,40,1,5.988576150114922,1,2.5,13.0,9
105e064f,DA,40,40,2,5.741432097604734,1,0.5,15.4,2
105e064f,DA,40,40,3,5.0289172911607505,1,0.0,16.0,0
105e064f,DA,40,40,4,4.230827336016394,1,5.800000000000001,9.04,24
105e064f,DA,40,40,5,3.2174112200058604,1,2.4000000000000004,13.12,6
105e064f,DA,40,40,6,5.694089922074227,1,7.6000000000000005,6.88,32
105e064f,DA,40,40,7,6.4704544356615,1,2.5,13.0,7
105e064f,DA,40,40,8,5.117475249202332,1,6.4,8.319999999999999,27
105e064f,DA,40,40,9,5.362293209807804,1,0.30000000000000004,15.64,1
105e064f,DA,40,40,10,7.937291615545769,1,5.6000000000000005,9.28,23
105e064f,DA,40,40,11,5.082403072000994,1,6.800000000000001,7.84,30
105e064f,DA,40,40,12,3.1256508838413724,1,8.4,5.919999999999999,33
105e064f,DA,40,40,13,12.165156570496706,0,10.0,0.0,-1
105e064f,DA,40,40,14,7.241307610978838,1,4.0,11.200000000000001,16
105e064f,DA,40,40,15,4.266861050892283,1,5.300000000000001,9.64,20
105e064f,DA,40,40,16,5.685597299529622,0,10.0,0.0,-1
105e064f,DA,40,40,17,7.683363383802771,1,5.0,10.0,18
105e064f,DA,40,40,18,6.634134192549504,1,5.4,9.52,22
105e064f,DA,40,40,19,4.6325806701251055,1,6.5,8.200000000000001,28
105e064f,DA,40,40,20,6.434405028226611,1,5.2,9.76,19
105e064f,DA,40,40,21,6.8366692976462184,1,2.8000000000000003,12.64,11
105e064f,DA,40,40,22,9.452832316302107,0,10.0,0.0,-1
105e064f,DA,40,40,23,2.802180969674475,1,6.0,8.8,25
105e064f,DA,40,40,24,6.417984977896657,1,2.0,13.600000000000001,4
105e064f,DA,40,40,25,4.850829627330846,1,4.6000000000000005,10.48,17
105e064f,DA,40,40,26,8.076952988910525,0,10.0,0.0,-1
105e064f,DA,40,40,27,5.35338465544659,1,3.3000000000000003,12.040000000000001,13
105e064f,DA,40,40,28,6.506479742208777,1,2.2,13.36,5
105e064f,DA,40,40,29,13.75187889737989,0,10.0,0.0,-1
105e064f,DA,40,40,30,5.04757286945983,1,6.0,8.8,26
105e064f,DA,40,40,31,6.602968822743479,1,1.5,14.200000000000001,3
105e064f,DA,40,40,32,5.056185755051498,1,3.4000000000000004,11.92,15
105e064f,DA,40,40,33,9.352129805152938,1,3.3000000000000003,12.040000000000001,14
105e064f,DA,40,40,34,5.773357198508139,1,6.9,7.719999999999999,31
105e064f,DA,40,40,35,6.580943861103478,1,2.5,13.0,10
105e064f,DA,40,40,36,9.751935237613628,0,10.0,0.0,-1
105e064f,DA,40,40,37,4.881767428210893,1,6.6000000000000005,8.08,29
105e064f,DA,40,40,38,4.82752447468173,1,2.8000000000000003,12.64,12
105e064f,DA,40,40,39,5.160725969008647,1,5.300000000000001,9.64,21
f6022243,DA,40,40,0,6.490851419460386,1,6.9,7.719999999999999,21
f6022243,DA,40,40,1,6.65606440968352,1,2.0,13.600000000000001,3
f6022243,DA,40,40,2,11.44888946163793,0,10.0,0.0,-1
f6022243,DA,40,40,3,7.32444897188688,1,6.300000000000001,8.44,17
f6022243,DA,40,40,4,11.276310232715,0,10.0,0.0,-1
f6022243,DA,40,40,5,9.105167448752104,0,10.0,0.0,-1
f6022243,DA,40,40,6,5.557920968452303,1,2.0,13.600000000000001,4
f6022243,DA,40,40,7,9.000231987325988,0,10.0,0.0,-1
f6022243,DA,40,40,8,7.089584435623697,1,3.5,11.8,6
f6022243,DA,40,40,9,6.088721081118615,1,6.1000000000000005,8.68,16
f6022243,DA,40,40,10,6.838959819953498,1,4.6000000000000005,10.48,9
f6022243,DA,40,40,11,2.6303327274302366,1,6.300000000000001,8.44,18
f6022243,DA,40,40,12,6.20290050641053,0,10.0,0.0,-1
f6022243,DA,40,40,13,3.4812813135667287,1,0.0,16.0,0
f6022243,DA,40,40,14,4.983225846069312,1,7.4,7.119999999999999,25
f6022243,DA,40,40,15,8.253272969916239,0,10.0,0.0,-1
f6022243,DA,40,40,16,15.36350340054922,0,10.0,0.0,-1
f6022243,DA,40,40,17,6.165402221927106,1,5.800000000000001,9.04,14
f6022243,DA,40,40,18,5.9606628961045125,1,3.8000000000000003,11.440000000000001,8
f6022243,DA,40,40,19,5.424231743958612,1,4.9,10.12,11
f6022243,DA,40,40,20,5.297605954862416,1,5.0,10.0,12
f6022243,DA,40,40,21,5.496201304861287,1,6.4,8.319999999999999,19
f6022243,DA,40,40,22,4.154806482063123,1,3.7,11.56,7
f6022243,DA,40,40,23,3.9564593201018425,1,7.2,7.359999999999999,22
f6022243,DA,40,40,24,3.8734509206828203,1,6.800000000000001,7.84,20
f6022243,DA,40,40,25,4.18097707276486,1,7.300000000000001,7.239999999999999,24
f6022243,DA,40,40,26,4.005040042128573,1,6.0,8.8,15
f6022243,DA,40,40,27,6.784817096420206,0,10.0,0.0,-1
f6022243,DA,40,40,28,2.9197103023888102,1,5.4,9.52,13
f6022243,DA,40,40,29,4.875089818448807,1,7.2,7.359999999999999,23
f6022243,DA,40,40,30,7.093325748966029,0,10.0,0.0,-1
f6022243,DA,40,40,31,4.721747002633651,1,7.6000000000000005,6.88,26
f6022243,DA,40,40,32,5.928228246138526,0,10.0,0.0,-1
f6022243,DA,40,40,33,9.051224414354872,0,10.0,0.0,-1
f6022243,DA,40,40,34,3.030994847754735,1,7.800000000000001,6.64,27
f6022243,DA,40,40,35,6.509086107504594,1,4.800000000000001,10.24,10
f6022243,DA,40,40,36,7.682487179058019,1,1.2000000000000002,14.56,1
f6022243,DA,40,40,37,7.698252723725779,0,10.0,0.0,-1
f6022243,DA,40,40,38,8.262721295267367,1,3.2,12.16,5
f6022243,DA,40,40,39,5.744338020796989,1,1.7000000000000002,13.96,2
ea21fbf2,FPi,20,20,0,6.60428853608159,1,0.7000000000000001,8.0,7
ea21fbf2,FPi,20,20,1,8.36861683690888,0,10.0,0.0,-1
ea21fbf2,FPi,20,20,2,4.783319080887149,0,10.0,0.0,-1
ea21fbf2,FPi,20,20,3,3.3912056217818494,1,1.0,8.0,9
ea21fbf2,FPi,20,20,4,7.60032725303549,1,0.7000000000000001,8.0,8
ea21fbf2,FPi,20,20,5,5.350451566157847,0,10.0,0.0,-1
ea21fbf2,FPi,20,20,6,11.68929882625534,0,10.0,0.0,-1
ea21fbf2,FPi,20,20,7,8.387712851961712,0,10.0,0.0,-1
ea21fbf2,FPi,20,20,8,6.918289615437431,1,1.5,8.0,10
ea21fbf2,FPi,20,20,9,4.933480608364123,1,1.9000000000000001,8.0,11
ea21fbf2,FPi,20,20,10,6.9102466458114975,1,0.30000000000000004,8.0,3
ea21fbf2,FPi,20,20,11,8.440503905500627,0,10.0,0.0,-1
ea21fbf2,FPi,20,20,12,7.135047420573248,1,0.7000000000000001,8.0,5
ea21fbf2,FPi,20,20,13,7.733543153901814,1,0.1,8.0,2
ea21fbf2,FPi,20,20,14,5.715766267052907,1,0.0,8.0,1
ea21fbf2,FPi,20,20,15,6.116502943835418,1,0.7000000000000001,8.0,6
ea21fbf2,FPi,20,20,16,14.309671216747287,0,10.0,0.0,-1
ea21fbf2,FPi,20,20,17,6.77168321303335,1,0.0,8.0,0
ea21fbf2,FPi,20,20,18,9.301830191221804,0,10.0,0.0,-1
ea21fbf2,FPi,20,20,19,6.0943187262021254,1,0.4,8.0,4
83f8aad4,FPi,20,20,0,6.326306769338281,1,0.2,8.0,5
83f8aad4,FPi,20,20,1,5.625721100021121,0,10.0,0.0,-1
83f8aad4,FPi,20,20,2,6.276256635034341,1,0.6000000000000001,8.0,12
83f8aad4,FPi,20,20,3,3.2441732426652345,1,0.6000000000000001,8.0,13
83f8aad4,FPi,20,20,4,11.219030567822388,0,10.0,0.0,-1
83f8aad4,FPi,20,20,5,12.190106434332193,0,10.0,0.0,-1
83f8aad4,FPi,20,20,6,5.717602541707846,1,0.4,8.0,10
83f8aad4,FPi,20,20,7,9.836299054118616,0,10.0,0.0,-1
83f8aad4,FPi,20,20,8,4.302308711942842,1,0.0,8.0,0
83f8aad4,FPi,20,20,9,10.185420377647512,0,10.0,0.0,-1
83f8aad4,FPi,20,20,10,6.335103880725185,1,0.2,8.0,3
83f8aad4,FPi,20,20,11,5.444670575513138,1,0.1,8.0,1
83f8aad4,FPi,20,20,12,4.521671854763703,1,0.4,8.0,8
83f8aad4,FPi,20,20,13,5.31057825423923,1,0.2,8.0,4
83f8aad4,FPi,20,20,14,6.42174185432127,1,0.5,8.0,11
83f8aad4,FPi,20,20,15,4.377488223438588,1,0.2,8.0,6
83f8aad4,FPi,20,20,16,7.728371910073621,1,0.1,8.0,2
83f8aad4,FPi,20,20,17,7.612353843300134,1,0.4,8.0,9
83f8aad4,FPi,20,20,18,5.711729963715113,1,0.4,8.0,7
83f8aad4,FPi,20,20,19,5.566207219359617,0,10.0,0.0,-1
7707b9e7,FPi,20,20,0,8.180811059363341,0,10.0,0.0,-1
7707b9e7,FPi,20,20,1,3.7429909112660096,1,0.30000000000000004,8.0,7
7707b9e7,FPi,20,20,2,14.26866595885025,0,10.0,0.0,-1
7707b9e7,FPi,20,20,3,5.171404530150375,1,0.4,8.0,10
7707b9e7,FPi,20,20,4,6.003595902201494,1,0.1,8.0,4
7707b9e7,FPi,20,20,5,10.384792007002233,0,10.0,0.0,-1
7707b9e7,FPi,20,20,6,8.650804825576662,0,10.0,0.0,-1
7707b9e7,FPi,20,20,7,3.4459630989182655,1,0.6000000000000001,8.0,11
7707b9e7,FPi,20,20,8,5.368004285181825,1,0.0,8.0,0
7707b9e7,FPi,20,20,9,5.0135492704225175,1,0.2,8.0,5
7707b9e7,FPi,20,20,10,6.957030954142288,1,0.2,8.0,6
7707b9e7,FPi,20,20,11,7.807994879330922,1,0.1,8.0,2
7707b9e7,FPi,20,20,12,5.516782749646802,1,0.1,8.0,3
7707b9e7,FPi,20,20,13,5.690405874874415,1,0.9,8.0,13
7707b9e7,FPi,20,20,14,8.114153948311893,0,10.0,0.0,-1
7707b9e7,FPi,20,20,15,4.435978896251685,1,0.4,8.0,8
7707b9e7,FPi,20,20,16,8.716725991181104,0,10.0,0.0,-1
7707b9e7,FPi,20,20,17,2.7334457138244375,1,0.0,8.0,1
7707b9e7,FPi,20,20,18,6.746687882599751,1,0.9,8.0,12
7707b9e7,FPi,20,20,19,4.513947984107364,1,0.4,8.0,9
19053a59,FPi,20,20,0,5.870362171071284,1,0.2,8.0,13
19053a59,FPi,20,20,1,3.853206046432904,1,0.1,8.0,8
19053a59,FPi,20,20,2,6.561408164759851,1,0.1,8.0,9
19053a59,FPi,20,20,3,5.751621355971995,0,10.0,0.0,-1
19053a59,FPi,20,20,4,3.0796355876487693,1,0.0,8.0,3
19053a59,FPi,20,20,5,5.676668650249972,1,0.2,8.0,11
19053a59,FPi,20,20,6,4.054663025177525,1,0.1,8.0,6
19053a59,FPi,20,20,7,6.117247133679119,1,0.4,8.0,15
19053a59,FPi,20,20,8,3.698743826944639,1,0.2,8.0,12
19053a59,FPi,20,20,9,5.491977646162666,0,10.0,0.0,-1
19053a59,FPi,20,20,10,7.274353030383979,1,0.0,8.0,1
19053a59,FPi,20,20,11,9.344496229170275,0,10.0,0.0,-1
19053a59,FPi,20,20,12,5.1776655505987685,1,0.2,8.0,10
19053a59,FPi,20,20,13,3.6894489444424603,1,0.1,8.0,7
19053a59,FPi,20,20,14,5.655616797628768,1,0.0,8.0,4
19053a59,FPi,20,20,15,7.9381646478333545,1,0.0,8.0,0
19053a59,FPi,20,20,16,4.698915074618355,1,0.0,8.0,2
19053a59,FPi,20,20,17,8.890168896891954,0,10.0,0.0,-1
19053a59,FPi,20,20,18,4.0269834092857755,1,0.1,8.0,5
19053a59,FPi,20,20,19,5.891964605655406,1,0.2,8.0,14
be94fe5f,FPi,20,20,0,2.6502182334953894,1,0.0,8.0,2
be94fe5f,FPi,20,20,1,5.702356137325111,1,0.30000000000000004,8.0,6
be94fe5f,FPi,20,20,2,7.828852871361,1,0.7000000000000001,8.0,9
be94fe5f,FPi,20,20,3,5.1910926352648135,1,0.5,8.0,8
be94fe5f,FPi,20,20,4,10.187419241441075,0,10.0,0.0,-1
be94fe5f,FPi,20,20,5,7.862022932221468,1,0.8,8.0,10
be94fe5f,FPi,20,20,6,4.810676017487301,1,0.1,8.0,4
be94fe5f,FPi,20,20,7,8.120902538495054,0,10.0,0.0,-1
be94fe5f,FPi,20,20,8,6.474343157994915,1,0.5,8.0,7
be94fe5f,FPi,20,20,9,12.292915209466598,0,10.0,0.0,-1
be94fe5f,FPi,20,20,10,10.414245006946903,0,10.0,0.0,-1
be94fe5f,FPi,20,20,11,10.775010907844388,0,10.0,0.0,-1
be94fe5f,FPi,20,20,12,11.905458483519556,0,10.0,0.0,-1
be94fe5f,FPi,20,20,13,7.399788824062853,1,0.1,8.0,3
be94fe5f,FPi,20,20,14,7.606480898128016,1,0.0,8.0,0
be94fe5f,FPi,20,20,15,6.385003140428679,1,0.0,8.0,1
be94fe5f,FPi,20,20,16,8.59701769833294,0,10.0,0.0,-1
be94fe5f,FPi,20,20,17,8.67079998750137,0,10.0,0.0,-1
be94fe5f,FPi,20,20,18,8.07810891174461,0,10.0,0.0,-1
be94fe5f,FPi,20,20,19,6.8406700188152625,1,0.2,8.0,5
512abbe6,FPi,20,40,0,5.099059463392178,1,0.4,8.0,7
512abbe6,FPi,20,40,1,5.299753492088189,1,0.6000000000000001,8.0,12
512abbe6,FPi,20,40,2,6.0163300801882444,1,0.9,8.0,15
512abbe6,FPi,20,40,3,4.250377709458217,1,0.1,8.0,1
512abbe6,FPi,20,40,4,5.990963646325746,1,0.5,8.0,9
512abbe6,FPi,20,40,5,11.698033542232753,0,10.0,0.0,-1
512abbe6,FPi,20,40,6,13.107115350811995,0,10.0,0.0,-1
512abbe6,FPi,20,40,7,5.917856856391731,1,0.7000000000000001,8.0,14
512abbe6,FPi,20,40,8,5.428843065569633,1,0.6000000000000001,8.0,13
512abbe6,FPi,20,40,9,4.316381460911991,1,0.5,8.0,10
512abbe6,FPi,20,40,10,8.882810987675768,0,10.0,0.0,-1
512abbe6,FPi,20,40,11,3.0994503523661012,1,0.30000000000000004,8.0,5
512abbe6,FPi,20,40,12,4.15745497664499,1,0.5,8.0,11
512abbe6,FPi,20,40,13,5.72487447669844,1,0.1,8.0,2
512abbe6,FPi,20,40,14,8.708629248149942,0,10.0,0.0,-1
512abbe6,FPi,20,40,15,4.1233001025234355,1,0.30000000000000004,8.0,6
512abbe6,FPi,20,40,16,2.292774214827845,1,0.2,8.0,3
512abbe6,FPi,20,40,17,6.642641498746264,1,0.1,8.0,0
512abbe6,FPi,20,40,18,6.734248454434776,1,0.5,8.0,8
512abbe6,FPi,20,40,19,3.522387239870684,1,0.2,8.0,4
beb517d7,FPi,20,40,0,6.945482303351172,1,0.30000000000000004,8.0,6
beb517d7,FPi,20,40,1,2.707493044915585,1,0.2,8.0,3
beb517d7,FPi,20,40,2,7.806312264521099,1,0.4,8.0,9
beb517d7,FPi,20,40,3,6.877446846611267,1,0.8,8.0,18
beb517d7,FPi,20,40,4,6.767281961861152,1,0.0,8.0,2
beb517d7,FPi,20,40,5,4.932057478301167,1,0.0,8.0,0
beb517d7,FPi,20,40,6,6.740446697960225,1,0.2,8.0,4
beb517d7,FPi,20,40,7,5.4961318994022,1,0.2,8.0,5
beb517d7,FPi,20,40,8,4.1515323486803934,1,0.5,8.0,11
beb517d7,FPi,20,40,9,3.0378617900108567,1,0.30000000000000004,8.0,7
beb517d7,FPi,20,40,10,10.151265639881725,0,10.0,0.0,-1
beb517d7,FPi,20,40,11,4.94510516689896,1,0.5,8.0,12
beb517d7,FPi,20,40,12,5.626540311353229,1,0.7000000000000001,8.0,15
beb517d7,FPi,20,40,13,4.8575270291897965,1,0.7000000000000001,8.0,14
beb517d7,FPi,20,40,14,7.06525096123896,1,0.30000000000000004,8.0,8
beb517d7,FPi,20,40,15,7.421222452031662,1,0.6000000000000001,8.0,13
beb517d7,FPi,20,40,16,5.658025885952878,1,0.0,8.0,1
beb517d7,FPi,20,40,17,6.799707426952527,1,0.7000000000000001,8.0,16
beb517d7,FPi,20,40,18,7.452468034196673,1,0.4,8.0,10
beb517d7,FPi,20,40,19,7.783409687800183,1,0.7000000000000001,8.0,17
4248e64a,FPi,20,40,0,4.455422304853375,1,0.9,8.0,16
4248e64a,FPi,20,40,1,5.665377596038481,1,0.0,8.0,4
4248e64a,FPi,20,40,2,20.623293735184035,0,10.0,0.0,-1
4248e64a,FPi,20,40,3,4.701826111933503,1,0.0,8.0,1
4248e64a,FPi,20,40,4,6.546848072769619,1,0.6000000000000001,8.0,14
4248e64a,FPi,20,40,5,6.245240177973367,1,1.0,8.0,17
4248e64a,FPi,20,40,6,6.810357516991592,1,0.7000000000000001,8.0,15
4248e64a,FPi,20,40,7,7.303639088718478,1,0.4,8.0,10
4248e64a,FPi,20,40,8,6.871850759284302,1,0.0,8.0,2
4248e64a,FPi,20,40,9,6.246170413546424,1,0.30000000000000004,8.0,8
4248e64a,FPi,20,40,10,5.471274225265377,1,0.5,8.0,12
4248e64a,FPi,20,40,11,4.065864609792071,1,0.0,8.0,5
4248e64a,FPi,20,40,12,4.73107354841695,1,0.6000000000000001,8.0,13
4248e64a,FPi,20,40,13,5.6995704527211695,1,0.0,8.0,3
4248e64a,FPi,20,40,14,8.692741804063877,0,10.0,0.0,-1
4248e64a,FPi,20,40,15,5.426003056739332,1,0.1,8.0,6
4248e64a,FPi,20,40,16,6.768446818969201,1,0.30000000000000004,8.0,7
4248e64a,FPi,20,40,17,3.881997091088748,1,0.5,8.0,11
4248e64a,FPi,20,40,18,5.713081772683964,1,0.0,8.0,0
4248e64a,FPi,20,40,19,6.749525799324344,1,0.4,8.0,9
7032a4dd,FPi,20,40,0,9.841288378521531,0,10.0,0.0,-1
7032a4dd,FPi,20,40,1,5.829903038007699,1,0.0,8.0,2
7032a4dd,FPi,20,40,2,5.483580529161837,1,0.30000000000000004,8.0,11
7032a4dd,FPi,20,40,3,7.706746027052734,1,0.8,8.0,15
7032a4dd,FPi,20,40,4,4.181308343811477,1,0.1,8.0,4
7032a4dd,FPi,20,40,5,7.246957916391649,1,0.0,8.0,1
7032a4dd,FPi,20,40,6,11.25066253326289,0,10.0,0.0,-1
7032a4dd,FPi,20,40,7,6.573238131356059,1,0.30000000000000004,8.0,10
7032a4dd,FPi,20,40,8,5.58278500245376,1,0.2,8.0,8
7032a4dd,FPi,20,40,9,4.956450171233357,1,0.5,8.0,14
7032a4dd,FPi,20,40,10,5.969519208910352,1,0.1,8.0,3
7032a4dd,FPi,20,40,11,5.215628560023692,1,0.2,8.0,7
7032a4dd,FPi,20,40,12,6.397326420367051,1,0.2,8.0,9
7032a4dd,FPi,20,40,13,6.3844987073811,1,0.30000000000000004,8.0,12
7032a4dd,FPi,20,40,14,10.17546667613714,0,10.0,0.0,-1
7032a4dd,FPi,20,40,15,5.590763430034309,1,1.3,8.0,16
7032a4dd,FPi,20,40,16,7.328122936008618,1,0.1,8.0,6
7032a4dd,FPi,20,40,17,3.027056409625695,1,0.1,8.0,5
7032a4dd,FPi,20,40,18,6.027632101296732,1,0.0,8.0,0
7032a4dd,FPi,20,40,19,6.43718059016397,1,0.4,8.0,13
83f7f016,FPi,20,40,0,3.1056467106992307,1,0.7000000000000001,8.0,10
83f7f016,FPi,20,40,1,6.2853580925374795,1,0.6000000000000001,8.0,8
83f7f016,FPi,20,40,2,3.2107635785114885,1,0.0,8.0,2
83f7f016,FPi,20,40,3,4.881683935989609,1,0.7000000000000001,8.0,12
83f7f016,FPi,20,40,4,4.707675241154813,1,0.7000000000000001,8.0,9
83f7f016,FPi,20,40,5,10.169116590964741,0,10.0,0.0,-1
83f7f016,FPi,20,40,6,9.466445317055527,0,10.0,0.0,-1
83f7f016,FPi,20,40,7,5.6135111775381334,1,0.0,8.0,3
83f7f016,FPi,20,40,8,7.367777960429694,1,1.0,8.0,15
83f7f016,FPi,20,40,9,5.33120210548132,1,0.5,8.0,6
83f7f016,FPi,20,40,10,5.269105613762574,1,0.2,8.0,4
83f7f016,FPi,20,40,11,3.5933992710549583,1,0.0,8.0,1
83f7f016,FPi,20,40,12,4.8561859872480015,1,0.8,8.0,13
83f7f016,FPi,20,40,13,5.164192828904229,1,1.0,8.0,16
83f7f016,FPi,20,40,14,5.336058811382638,1,1.0,8.0,17
83f7f016,FPi,20,40,15,5.098542466835787,1,0.9,8.0,14
83f7f016,FPi,20,40,16,2.243737235390564,1,0.0,8.0,0
83f7f016,FPi,20,40,17,6.66682983193216,1,0.7000000000000001,8.0,11
83f7f016,FPi,20,40,18,6.492647555237118,1,0.30000000000000004,8.0,5
83f7f016,FPi,20,40,19,6.3027327570132545,1,0.6000000000000001,8.0,7
89e64da7,FPi,40,20,0,4.6309424180390995,0,10.0,0.0,-1
89e64da7,FPi,40,20,1,3.9995223793387424,0,10.0,0.0,-1
89e64da7,FPi,40,20,2,7.489812293842253,1,0.0,8.0,0
89e64da7,FPi,40,20,3,7.3971987357911875,1,0.2,8.0,6
89e64da7,FPi,40,20,4,8.199422699662824,0,10.0,0.0,-1
89e64da7,FPi,40,20,5,2.7392442650264517,1,0.1,8.0,3
89e64da7,FPi,40,20,6,5.590856489998856,1,0.4,8.0,13
89e64da7,FPi,40,20,7,5.598432742025153,0,10.0,0.0,-1
89e64da7,FPi,40,20,8,3.330207328504451,1,0.0,8.0,2
89e64da7,FPi,40,20,9,4.365969623535412,0,10.0,0.0,-1
89e64da7,FPi,40,20,10,6.983950033607972,1,0.30000000000000004,8.0,11
89e64da7,FPi,40,20,11,3.640381255809181,0,10.0,0.0,-1
89e64da7,FPi,40,20,12,3.6303222386545704,0,10.0,0.0,-1
89e64da7,FPi,40,20,13,6.627467936464699,1,0.2,8.0,5
89e64da7,FPi,40,20,14,4.517781816412481,0,10.0,0.0,-1
89e64da7,FPi,40,20,15,6.163656358045644,0,10.0,0.0,-1
89e64da7,FPi,40,20,16,5.1920146803904785,0,10.0,0.0,-1
89e64da7,FPi,40,20,17,6.601336616706811,1,0.30000000000000004,8.0,10
89e64da7,FPi,40,20,18,4.138705701590421,0,10.0,0.0,-1
89e64da7,FPi,40,20,19,6.1446106532675655,0,10.0,0.0,-1
89e64da7,FPi,40,20,20,8.715503718312062,0,10.0,0.0,-1
89e64da7,FPi,40,20,21,5.039296651995895,1,0.4,8.0,12
89e64da7,FPi,40,20,22,6.377768146530957,0,10.0,0.0,-1
89e64da7,FPi,40,20,23,10.599210575773347,0,10.0,0.0,-1
89e64da7,FPi,40,20,24,5.2759045578983566,1,0.6000000000000001,8.0,14
89e64da7,FPi,40,20,25,4.291576524956466,1,0.2,8.0,4
89e64da7,FPi,40,20,26,2.970061500789649,1,0.30000000000000004,8.0,9
89e64da7,FPi,40,20,27,6.85241722881186,1,0.2,8.0,7
89e64da7,FPi,40,20,28,4.201339152103905,0,10.0,0.0,-1
89e64da7,FPi,40,20,29,4.9171311263498385,0,10.0,0.0,-1
89e64da7,FPi,40,20,30,12.419744624810996,0,10.0,0.0,-1
89e64da7,FPi,40,20,31,7.500904777535801,0,10.0,0.0,-1
89e64da7,FPi,40,20,32,5.683845870277425,1,0.0,8.0,1
89e64da7,FPi,40,20,33,5.762690297665363,1,0.2,8.0,8
89e64da7,FPi,40,20,34,7.371590989935217,0,10.0,0.0,-1
89e64da7,FPi,40,20,35,5.543183898098448,0,10.0,0.0,-1
89e64da7,FPi,40,20,36,6.074773709495118,0,10.0,0.0,-1
89e64da7,FPi,40,20,37,7.386329124490711,0,10.0,0.0,-1
89e64da7,FPi,40,20,38,8.13491956177804,0,10.0,0.0,-1
89e64da7,FPi,40,20,39,8.972974122708694,0,10.0,0.0,-1
29e4fafc,FPi,40,20,0,4.339662574104681,1,0.4,8.0,11
29e4fafc,FPi,40,20,1,4.957232275737509,1,0.1,8.0,3
29e4fafc,FPi,40,20,2,9.957376144730716,0,10.0,0.0,-1
29e4fafc,FPi,40,20,3,6.4483765864925555,0,10.0,0.0,-1
29e4fafc,FPi,40,20,4,7.351499457064624,1,0.4,8.0,13
29e4fafc,FPi,40,20,5,5.9161300982832135,1,0.1,8.0,6
29e4fafc,FPi,40,20,6,4.818276350830029,0,10.0,0.0,-1
29e4fafc,FPi,40,20,7,5.492269527664557,1,0.30000000000000004,8.0,10
29e4fafc,FPi,40,20,8,2.8388588579161866,1,0.6000000000000001,8.0,17
29e4fafc,FPi,40,20,9,5.391175486938917,1,0.5,8.0,15
29e4fafc,FPi,40,20,10,6.6576773907482405,1,0.30000000000000004,8.0,8
29e4fafc,FPi,40,20,11,3.124995787536018,1,0.30000000000000004,8.0,9
29e4fafc,FPi,40,20,12,6.513352947692633,1,0.2,8.0,7
29e4fafc,FPi,40,20,13,7.7451572812688125,1,0.0,8.0,0
29e4fafc,FPi,40,20,14,7.193389231489448,1,0.6000000000000001,8.0,16
29e4fafc,FPi,40,20,15,6.592234882862882,1,0.4,8.0,12
29e4fafc,FPi,40,20,16,12.38217550243276,0,10.0,0.0,-1
29e4fafc,FPi,40,20,17,9.46766907826159,0,10.0,0.0,-1
29e4fafc,FPi,40,20,18,7.5720959098695015,0,10.0,0.0,-1
29e4fafc,FPi,40,20,19,8.28330237796303,0,10.0,0.0,-1
29e4fafc,FPi,40,20,20,9.794841337490306,0,10.0,0.0,-1
29e4fafc,FPi,40,20,21,6.286757628324927,0,10.0,0.0,-1
29e4fafc,FPi,40,20,22,23.702584430014227,0,10.0,0.0,-1
29e4fafc,FPi,40,20,23,12.12607138088788,0,10.0,0.0,-1
29e4fafc,FPi,40,20,24,3.4522166221847246,0,10.0,0.0,-1
29e4fafc,FPi,40,20,25,8.139678471952683,0,10.0,0.0,-1
29e4fafc,FPi,40,20,26,5.180871124086554,0,10.0,0.0,-1
29e4fafc,FPi,40,20,27,6.065776249538446,1,0.1,8.0,5
29e4fafc,FPi,40,20,28,10.434477318981434,0,10.0,0.0,-1
29e4fafc,FPi,40,20,29,7.865380764973631,1,0.1,8.0,2
29e4fafc,FPi,40,20,30,6.711315014709719,0,10.0,0.0,-1
29e4fafc,FPi,40,20,31,5.7465022910783246,1,0.5,8.0,14
29e4fafc,FPi,40,20,32,3.5248790559881735,0,10.0,0.0,-1
29e4fafc,FPi,40,20,33,4.4580086325909205,0,10.0,0.0,-1
29e4fafc,FPi,40,20,34,7.797587067771292,0,10.0,0.0,-1
29e4fafc,FPi,40,20,35,3.6332040236190295,1,0.1,8.0,4
29e4fafc,FPi,40,20,36,8.930043388092592,0,10.0,0.0,-1
29e4fafc,FPi,40,20,37,3.0300164135296197,0,10.0,0.0,-1
29e4fafc,FPi,40,20,38,12.095018587352806,0,10.0,0.0,-1
29e4fafc,FPi,40,20,39,6.936246625129042,1,0.0,8.0,1
ddac803b,FPi,40,20,0,9.612602078393335,0,10.0,0.0,-1
ddac803b,FPi,40,20,1,7.80794493978202,1,1.3,8.0,11
ddac803b,FPi,40,20,2,3.6063163266582605,1,0.1,8.0,2
ddac803b,FPi,40,20,3,9.088162241791883,0,10.0,0.0,-1
ddac803b,FPi,40,20,4,2.718761901626894,0,10.0,0.0,-1
ddac803b,FPi,40,20,5,7.499385027374346,1,0.4,8.0,6
ddac803b,FPi,40,20,6,10.811754116946599,0,10.0,0.0,-1
ddac803b,FPi,40,20,7,3.859687515937854,0,10.0,0.0,-1
ddac803b,FPi,40,20,8,3.1046541289002767,0,10.0,0.0,-1
ddac803b,FPi,40,20,9,2.505862280287143,0,10.0,0.0,-1
ddac803b,FPi,40,20,10,8.16921718783504,0,10.0,0.0,-1
ddac803b,FPi,40,20,11,5.6728198210304575,1,0.1,8.0,3
ddac803b,FPi,40,20,12,3.8955161733353587,0,10.0,0.0,-1
ddac803b,FPi,40,20,13,4.624667890087828,0,10.0,0.0,-1
ddac803b,FPi,40,20,14,7.403746246232606,1,0.1,8.0,0
ddac803b,FPi,40,20,15,6.474388141554354,0,10.0,0.0,-1
ddac803b,FPi,40,20,16,3.8022629747797407,1,0.7000000000000001,8.0,10
ddac803b,FPi,40,20,17,4.05211734675106,0,10.0,0.0,-1
ddac803b,FPi,40,20,18,8.214152659383386,0,10.0,0.0,-1
ddac803b,FPi,40,20,19,7.097528004095381,0,10.0,0.0,-1
ddac803b,FPi,40,20,20,6.5749073710992185,1,0.30000000000000004,8.0,5
ddac803b,FPi,40,20,21,5.552750326272629,1,0.6000000000000001,8.0,9
ddac803b,FPi,40,20,22,8.808789161539618,0,10.0,0.0,-1
ddac803b,FPi,40,20,23,4.069472790397538,1,0.5,8.0,8
ddac803b,FPi,40,20,24,18.285602477023076,0,10.0,0.0,-1
ddac803b,FPi,40,20,25,5.820623069428977,1,0.30000000000000004,8.0,4
ddac803b,FPi,40,20,26,6.696029858883546,1,1.4000000000000001,8.0,12
ddac803b,FPi,40,20,27,8.406661378873201,0,10.0,0.0,-1
ddac803b,FPi,40,20,28,7.405341903374536,0,10.0,0.0,-1
ddac803b,FPi,40,20,29,4.396748967037197,0,10.0,0.0,-1
ddac803b,FPi,40,20,30,3.4239926077136085,0,10.0,0.0,-1
ddac803b,FPi,40,20,31,5.159782751257376,0,10.0,0.0,-1
ddac803b,FPi,40,20,32,2.014290748448998,1,0.4,8.0,7
ddac803b,FPi,40,20,33,9.13300515919185,0,10.0,0.0,-1
ddac803b,FPi,40,20,34,5.022298832064689,1,0.1,8.0,1
ddac803b,FPi,40,20,35,6.7119529437155965,0,10.0,0.0,-1
ddac803b,FPi,40,20,36,8.679590187854343,0,10.0,0.0,-1
ddac803b,FPi,40,20,37,4.549589291744153,0,10.0,0.0,-1
ddac803b,FPi,40,20,38,17.623804359831844,0,10.0,0.0,-1
ddac803b,FPi,40,20,39,10.416805665325201,0,10.0,0.0,-1
2f3c2415,FPi,40,20,0,7.100405785096616,0,10.0,0.0,-1
2f3c2415,FPi,40,20,1,3.5846974222632864,1,0.4,8.0,4
2f3c2415,FPi,40,20,2,7.283829953499047,0,10.0,0.0,-1
2f3c2415,FPi,40,20,3,4.661739633475188,1,0.4,8.0,5
2f3c2415,FPi,40,20,4,8.830431388396887,0,10.0,0.0,-1
2f3c2415,FPi,40,20,5,2.104466614990331,1,0.5,8.0,8
2f3c2415,FPi,40,20,6,2.2391432087249266,1,0.5,8.0,6
2f3c2415,FPi,40,20,7,4.177167574827242,0,10.0,0.0,-1
2f3c2415,FPi,40,20,8,5.098357375415381,0,10.0,0.0,-1
2f3c2415,FPi,40,20,9,4.44938996396151,0,10.0,0.0,-1
2f3c2415,FPi,40,20,10,4.663476618350105,0,10.0,0.0,-1
2f3c2415,FPi,40,20,11,6.92373737719193,1,0.8,8.0,11
2f3c2415,FPi,40,20,12,2.8695166433289394,0,10.0,0.0,-1
2f3c2415,FPi,40,20,13,8.062768388819613,0,10.0,0.0,-1
2f3c2415,FPi,40,20,14,6.172549660146469,1,0.2,8.0,1
2f3c2415,FPi,40,20,15,2.9741143838560067,0,10.0,0.0,-1
2f3c2415,FPi,40,20,16,4.416535419858219,1,0.9,8.0,12
2f3c2415,FPi,40,20,17,4.3123949446319605,1,1.2000000000000002,8.0,13
2f3c2415,FPi,40,20,18,14.25655125132188,0,10.0,0.0,-1
2f3c2415,FPi,40,20,19,6.008304823815536,0,10.0,0.0,-1
2f3c2415,FPi,40,20,20,4.782767079864947,0,10.0,0.0,-1
2f3c2415,FPi,40,20,21,4.743823141744745,0,10.0,0.0,-1
2f3c2415,FPi,40,20,22,6.607207185565974,1,0.1,8.0,0
2f3c2415,FPi,40,20,23,4.3691384500788155,0,10.0,0.0,-1
2f3c2415,FPi,40,20,24,4.280909987658655,0,10.0,0.0,-1
2f3c2415,FPi,40,20,25,4.847943974610263,0,10.0,0.0,-1
2f3c2415,FPi,40,20,26,5.50223843823432,0,10.0,0.0,-1
2f3c2415,FPi,40,20,27,3.943408922752708,1,0.5,8.0,7
2f3c2415,FPi,40,20,28,11.148640655604273,0,10.0,0.0,-1
2f3c2415,FPi,40,20,29,14.021072515556538,0,10.0,0.0,-1
2f3c2415,FPi,40,20,30,3.341002290757802,1,0.2,8.0,2
2f3c2415,FPi,40,20,31,5.486864912916054,1,0.4,8.0,3
2f3c2415,FPi,40,20,32,9.254132909659306,0,10.0,0.0,-1
2f3c2415,FPi,40,20,33,6.534717190094392,1,0.7000000000000001,8.0,10
2f3c2415,FPi,40,20,34,4.221561584267613,0,10.0,0.0,-1
2f3c2415,FPi,40,20,35,5.304495444244376,0,10.0,0.0,-1
2f3c2415,FPi,40,20,36,10.724552544094545,0,10.0,0.0,-1
2f3c2415,FPi,40,20,37,12.012283387305597,0,10.0,0.0,-1
2f3c2415,FPi,40,20,38,5.084510485399657,0,10.0,0.0,-1
2f3c2415,FPi,40,20,39,3.95830233526792,1,0.6000000000000001,8.0,9
a967c6aa,FPi,40,20,0,5.46044947991128,0,10.0,0.0,-1
a967c6aa,FPi,40,20,1,4.920341719860787,1,0.4,8.0,8
a967c6aa,FPi,40,20,2,8.496503940343567,0,10.0,0.0,-1
a967c6aa,FPi,40,20,3,11.827851017187635,0,10.0,0.0,-1
a967c6aa,FPi,40,20,4,4.295776316127336,0,10.0,0.0,-1
a967c6aa,FPi,40,20,5,6.04115751856996,0,10.0,0.0,-1
a967c6aa,FPi,40,20,6,8.185695451014471,0,10.0,0.0,-1
a967c6aa,FPi,40,20,7,10.090882412466609,0,10.0,0.0,-1
a967c6aa,FPi,40,20,8,5.544738903411609,1,0.30000000000000004,8.0,7
a967c6aa,FPi,40,20,9,7.107340153866055,1,0.6000000000000001,8.0,9
a967c6aa,FPi,40,20,10,8.70359790735157,0,10.0,0.0,-1
a967c6aa,FPi,40,20,11,8.610360386816135,0,10.0,0.0,-1
a967c6aa,FPi,40,20,12,3.484270203955465,1,0.1,8.0,3
a967c6aa,FPi,40,20,13,6.043147397014725,1,0.2,8.0,5
a967c6aa,FPi,40,20,14,4.11684534532937,0,10.0,0.0,-1
a967c6aa,FPi,40,20,15,7.853917033234866,1,0.1,8.0,2
a967c6aa,FPi,40,20,16,8.464493178367539,0,10.0,0.0,-1
a967c6aa,FPi,40,20,17,6.247890750655156,0,10.0,0.0,-1
a967c6aa,FPi,40,20,18,12.350342214389945,0,10.0,0.0,-1
a967c6aa,FPi,40,20,19,2.648602904632509,1,0.2,8.0,6
a967c6aa,FPi,40,20,20,7.755542992431645,0,10.0,0.0,-1
a967c6aa,FPi,40,20,21,5.725164324340172,0,10.0,0.0,-1
a967c6aa,FPi,40,20,22,3.700753276635701,1,0.0,8.0,0
a967c6aa,FPi,40,20,23,4.664930140370966,0,10.0,0.0,-1
a967c6aa,FPi,40,20,24,7.052438793837381,1,0.2,8.0,4
a967c6aa,FPi,40,20,25,4.634986857288124,1,0.9,8.0,11
a967c6aa,FPi,40,20,26,7.3349527255761755,0,10.0,0.0,-1
a967c6aa,FPi,40,20,27,10.96185677060317,0,10.0,0.0,-1
a967c6aa,FPi,40,20,28,7.464832377186648,0,10.0,0.0,-1
a967c6aa,FPi,40,20,29,7.064519631658837,1,1.8,8.0,12
a967c6aa,FPi,40,20,30,6.590022911409999,0,10.0,0.0,-1
a967c6aa,FPi,40,20,31,9.83367385801449,0,10.0,0.0,-1
a967c6aa,FPi,40,20,32,3.7214607870478935,0,10.0,0.0,-1
a967c6aa,FPi,40,20,33,7.713604162915691,0,10.0,0.0,-1
a967c6aa,FPi,40,20,34,4.946227372617424,0,10.0,0.0,-1
a967c6aa,FPi,40,20,35,2.1642495333339458,0,10.0,0.0,-1
a967c6aa,FPi,40,20,36,8.702243915873773,0,10.0,0.0,-1
a967c6aa,FPi,40,20,37,4.439984326877604,1,0.7000000000000001,8.0,10
a967c6aa,FPi,40,20,38,7.041213402776389,1,0.0,8.0,1
a967c6aa,FPi,40,20,39,7.201020219967044,0,10.0,0.0,-1
6c43e372,FPi,40,40,0,6.851440185713287,1,0.5,8.0,11
6c43e372,FPi,40,40,1,7.691696869658834,0,10.0,0.0,-1
6c43e372,FPi,40,40,2,4.7789505323261325,1,0.2,8.0,3
6c43e372,FPi,40,40,3,7.8261037524303125,1,0.1,8.0,2
6c43e372,FPi,40,40,4,6.926843922318917,1,3.4000000000000004,8.0,29
6c43e372,FPi,40,40,5,4.6971430399924605,1,0.5,8.0,9
6c43e372,FPi,40,40,6,14.890721724031662,0,10.0,0.0,-1
6c43e372,FPi,40,40,7,2.708424192574874,1,0.7000000000000001,8.0,15
6c43e372,FPi,40,40,8,4.075728389418806,0,10.0,0.0,-1
6c43e372,FPi,40,40,9,9.898983854873586,0,10.0,0.0,-1
6c43e372,FPi,40,40,10,3.753254759968813,1,0.8,8.0,18
6c43e372,FPi,40,40,11,12.871307352625623,0,10.0,0.0,-1
6c43e372,FPi,40,40,12,5.720556120705074,1,0.8,8.0,20
6c43e372,FPi,40,40,13,6.701101349863363,1,0.8,8.0,19
6c43e372,FPi,40,40,14,4.197160125319896,1,0.5,8.0,8
6c43e372,FPi,40,40,15,12.614901507927236,0,10.0,0.0,-1
6c43e372,FPi,40,40,16,5.1377818840548475,1,0.0,8.0,0
6c43e372,FPi,40,40,17,2.395003695861527,1,3.6,8.0,30
6c43e372,FPi,40,40,18,5.798893118305296,1,0.0,8.0,1
6c43e372,FPi,40,40,19,6.2779898385006,1,0.6000000000000001,8.0,14
6c43e372,FPi,40,40,20,7.946663263079005,0,10.0,0.0,-1
6c43e372,FPi,40,40,21,4.4365075080430065,1,0.8,8.0,17
6c43e372,FPi,40,40,22,4.0882917008364,1,2.4000000000000004,8.0,27
6c43e372,FPi,40,40,23,2.1032795207105957,1,0.4,8.0,6
6c43e372,FPi,40,40,24,7.724465996551218,1,1.8,8.0,25
6c43e372,FPi,40,40,25,5.808512150461815,1,0.30000000000000004,8.0,5
6c43e372,FPi,40,40,26,2.67101453733752,1,0.5,8.0,10
6c43e372,FPi,40,40,27,2.7742158927303153,1,2.5,8.0,28
6c43e372,FPi,40,40,28,7.594352533135106,1,1.7000000000000002,8.0,24
6c43e372,FPi,40,40,29,6.608708462189836,1,1.5,8.0,23
6c43e372,FPi,40,40,30,4.957309116317572,1,1.3,8.0,22
6c43e372,FPi,40,40,31,8.904103615186699,0,10.0,0.0,-1
6c43e372,FPi,40,40,32,7.330028854542586,1,0.8,8.0,16
6c43e372,FPi,40,40,33,9.66360660588011,0,10.0,0.0,-1
6c43e372,FPi,40,40,34,7.006476377374685,1,1.0,8.0,21
6c43e372,FPi,40,40,35,5.452009683672269,1,0.6000000000000001,8.0,12
6c43e372,FPi,40,40,36,3.8740555676490955,1,0.6000000000000001,8.0,13
6c43e372,FPi,40,40,37,4.039583025763677,1,1.9000000000000001,8.0,26
6c43e372,FPi,40,40,38,6.032749691926972,1,0.30000000000000004,8.0,4
6c43e372,FPi,40,40,39,7.34400477730816,1,0.4,8.0,7
2c2af7c8,FPi,40,40,0,4.650554782065757,1,0.7000000000000001,8.0,13
2c2af7c8,FPi,40,40,1,5.160791519017416,0,10.0,0.0,-1
2c2af7c8,FPi,40,40,2,3.2062220712563123,0,10.0,0.0,-1
2c2af7c8,FPi,40,40,3,6.775289747828785,1,0.1,8.0,4
2c2af7c8,FPi,40,40,4,4.565097565044927,1,1.0,8.0,22
2c2af7c8,FPi,40,40,5,16.152312040256817,0,10.0,0.0,-1
2c2af7c8,FPi,40,40,6,8.99878016328699,0,10.0,0.0,-1
2c2af7c8,FPi,40,40,7,9.625504233313444,0,10.0,0.0,-1
2c2af7c8,FPi,40,40,8,7.09265995510414,1,0.7000000000000001,8.0,12
2c2af7c8,FPi,40,40,9,5.552819253868556,1,0.8,8.0,17
2c2af7c8,FPi,40,40,10,7.600923951103341,1,0.7000000000000001,8.0,15
2c2af7c8,FPi,40,40,11,6.62924255602141,1,0.6000000000000001,8.0,11
2c2af7c8,FPi,40,40,12,4.578375118603197,1,0.4,8.0,9
2c2af7c8,FPi,40,40,13,12.168122264308954,0,10.0,0.0,-1
2c2af7c8,FPi,40,40,14,7.05160967155551,1,1.6,8.0,26
2c2af7c8,FPi,40,40,15,3.4771792894165383,1,1.1,8.0,24
2c2af7c8,FPi,40,40,16,4.316666347307993,1,0.0,8.0,2
2c2af7c8,FPi,40,40,17,5.684219668350663,1,0.0,8.0,0
2c2af7c8,FPi,40,40,18,5.049860112689282,1,0.4,8.0,7
2c2af7c8,FPi,40,40,19,6.913292403931449,1,0.1,8.0,3
2c2af7c8,FPi,40,40,20,4.886307111184761,1,0.30000000000000004,8.0,6
2c2af7c8,FPi,40,40,21,5.565793539782304,1,1.0,8.0,21
2c2af7c8,FPi,40,40,22,6.584137189909172,1,0.9,8.0,19
2c2af7c8,FPi,40,40,23,15.408133661642301,0,10.0,0.0,-1
2c2af7c8,FPi,40,40,24,8.977524293379538,0,10.0,0.0,-1
2c2af7c8,FPi,40,40,25,7.334344271229027,1,0.6000000000000001,8.0,10
2c2af7c8,FPi,40,40,26,4.38016935911856,1,0.4,8.0,8
2c2af7c8,FPi,40,40,27,4.600358636840757,1,0.0,8.0,1
2c2af7c8,FPi,40,40,28,5.160371629099431,1,1.0,8.0,23
2c2af7c8,FPi,40,40,29,6.996190251957692,1,0.8,8.0,18
2c2af7c8,FPi,40,40,30,7.222509299842139,1,0.2,8.0,5
2c2af7c8,FPi,40,40,31,5.491008899600549,1,0.8,8.0,16
2c2af7c8,FPi,40,40,32,4.389125975838758,1,0.7000000000000001,8.0,14
2c2af7c8,FPi,40,40,33,13.21507555436814,0,10.0,0.0,-1
2c2af7c8,FPi,40,40,34,3.3452143234314926,1,1.4000000000000001,8.0,25
2c2af7c8,FPi,40,40,35,9.624377046259756,0,10.0,0.0,-1
2c2af7c8,FPi,40,40,36,9.277465651852905,0,10.0,0.0,-1
2c2af7c8,FPi,40,40,37,5.738303843665409,1,2.1,8.0,27
2c2af7c8,FPi,40,40,38,10.326844515625456,0,10.0,0.0,-1
2c2af7c8,FPi,40,40,39,3.4259510067954606,1,0.9,8.0,20
57886282,FPi,40,40,0,4.083848379107347,1,1.7000000000000002,8.0,16
57886282,FPi,40,40,1,5.0155839826982,1,0.9,8.0,11
57886282,FPi,40,40,2,6.115017162899347,1,0.2,8.0,5
57886282,FPi,40,40,3,4.5728452284677115,1,1.4000000000000001,8.0,15
57886282,FPi,40,40,4,3.4263834634983223,1,0.4,8.0,6
57886282,FPi,40,40,5,9.05939595647286,0,10.0,0.0,-1
57886282,FPi,40,40,6,6.79059264547154,1,0.8,8.0,9
57886282,FPi,40,40,7,3.1858226049780654,1,0.1,8.0,1
57886282,FPi,40,40,8,2.194376747102507,1,0.6000000000000001,8.0,8
57886282,FPi,40,40,9,3.47761448729504,1,0.8,8.0,10
57886282,FPi,40,40,10,10.17376535097015,0,10.0,0.0,-1
57886282,FPi,40,40,11,10.415822640902455,0,10.0,0.0,-1
57886282,FPi,40,40,12,10.182196177013271,0,10.0,0.0,-1
57886282,FPi,40,40,13,16.23286918778685,0,10.0,0.0,-1
57886282,FPi,40,40,14,7.734472488775668,0,10.0,0.0,-1
57886282,FPi,40,40,15,4.098367459306066,1,3.7,8.0,25
57886282,FPi,40,40,16,6.856613072506326,1,3.1,8.0,23
57886282,FPi,40,40,17,14.585925030206518,0,10.0,0.0,-1
57886282,FPi,40,40,18,3.901367102595589,1,3.5,8.0,24
57886282,FPi,40,40,19,3.3892405181200873,1,0.1,8.0,2
57886282,FPi,40,40,20,6.095965729011096,1,1.9000000000000001,8.0,17
57886282,FPi,40,40,21,6.008258299718587,1,1.1,8.0,13
57886282,FPi,40,40,22,3.6699335448682815,1,1.1,8.0,14
57886282,FPi,40,40,23,8.535596555893996,0,10.0,0.0,-1
57886282,FPi,40,40,24,3.3683768601885444,1,0.2,8.0,4
57886282,FPi,40,40,25,6.084974342957953,1,0.9,8.0,12
57886282,FPi,40,40,26,16.61982202370446,0,10.0,0.0,-1
57886282,FPi,40,40,27,5.870456054379422,1,2.1,8.0,19
57886282,FPi,40,40,28,8.749835272428118,0,10.0,0.0,-1
57886282,FPi,40,40,29,6.740025461958384,1,3.0,8.0,22
57886282,FPi,40,40,30,5.776728811258185,1,0.0,8.0,0
57886282,FPi,40,40,31,6.66593554282286,1,2.2,8.0,20
57886282,FPi,40,40,32,6.2481793169268816,1,1.9000000000000001,8.0,18
57886282,FPi,40,40,33,8.691210192153317,0,10.0,0.0,-1
57886282,FPi,40,40,34,3.5023783444304324,1,2.7,8.0,21
57886282,FPi,40,40,35,7.2783515272631805,1,0.4,8.0,7
57886282,FPi,40,40,36,9.858078388632375,0,10.0,0.0,-1
57886282,FPi,40,40,37,4.283388805421707,1,4.0,8.0,26
57886282,FPi,40,40,38,5.1058250030637655,1,0.1,8.0,3
57886282,FPi,40,40,39,9.760125297802947,0,10.0,0.0,-1
cb67a254,FPi,40,40,0,3.466779946882674,1,1.9000000000000001,8.0,20
cb67a254,FPi,40,40,1,3.506215030240891,1,1.1,8.0,12
cb67a254,FPi,40,40,2,7.702331486445343,1,1.0,8.0,11
cb67a254,FPi,40,40,3,4.053178861570573,1,0.30000000000000004,8.0,5
cb67a254,FPi,40,40,4,3.0129312243786073,1,0.7000000000000001,8.0,9
cb67a254,FPi,40,40,5,2.986104161778891,0,10.0,0.0,-1
cb67a254,FPi,40,40,6,8.473309854995454,0,10.0,0.0,-1
cb67a254,FPi,40,40,7,8.733978062487438,0,10.0,0.0,-1
cb67a254,FPi,40,40,8,10.171354072657664,0,10.0,0.0,-1
cb67a254,FPi,40,40,9,9.392310215536066,0,10.0,0.0,-1
cb67a254,FPi,40,40,10,3.4351752025224243,1,0.5,8.0,7
cb67a254,FPi,40,40,11,9.633569629894726,0,10.0,0.0,-1
cb67a254,FPi,40,40,12,3.715205383842596,0,10.0,0.0,-1
cb67a254,FPi,40,40,13,19.92563061747771,0,10.0,0.0,-1
cb67a254,FPi,40,40,14,6.9767643080060795,1,0.6000000000000001,8.0,8
cb67a254,FPi,40,40,15,3.3419795718270153,1,0.0,8.0,0
cb67a254,FPi,40,40,16,2.947764552539797,1,1.5,8.0,15
cb67a254,FPi,40,40,17,4.4933115387289995,0,10.0,0.0,-1
cb67a254,FPi,40,40,18,5.562673376807813,1,0.2,8.0,4
cb67a254,FPi,40,40,19,4.636838891858462,1,1.7000000000000002,8.0,18
cb67a254,FPi,40,40,20,5.72761803095719,1,1.9000000000000001,8.0,19
cb67a254,FPi,40,40,21,6.8518970953353,0,10.0,0.0,-1
cb67a254,FPi,40,40,22,4.375168417583244,0,10.0,0.0,-1
cb67a254,FPi,40,40,23,6.316104675163392,1,0.5,8.0,6
cb67a254,FPi,40,40,24,10.203734859219747,0,10.0,0.0,-1
cb67a254,FPi,40,40,25,10.67873959405336,0,10.0,0.0,-1
cb67a254,FPi,40,40,26,8.637709116448628,0,10.0,0.0,-1
cb67a254,FPi,40,40,27,6.8014927078805005,1,0.1,8.0,2
cb67a254,FPi,40,40,28,6.140730589504907,1,2.7,8.0,21
cb67a254,FPi,40,40,29,4.1858519478668885,1,0.2,8.0,3
cb67a254,FPi,40,40,30,5.050362005866929,0,10.0,0.0,-1
cb67a254,FPi,40,40,31,9.578339278142897,0,10.0,0.0,-1
cb67a254,FPi,40,40,32,6.912709596566165,1,1.4000000000000001,8.0,14
cb67a254,FPi,40,40,33,3.4836059189779975,1,1.3,8.0,13
cb67a254,FPi,40,40,34,5.2366007212762025,1,0.8,8.0,10
cb67a254,FPi,40,40,35,6.369071157328006,1,1.7000000000000002,8.0,16
cb67a254,FPi,40,40,36,4.673253747131203,1,0.1,8.0,1
cb67a254,FPi,40,40,37,5.92705265514905,0,10.0,0.0,-1
cb67a254,FPi,40,40,38,3.824496120800905,1,1.7000000000000002,8.0,17
cb67a254,FPi,40,40,39,10.850845121447916,0,10.0,0.0,-1
bc393751,FPi,40,40,0,7.195569669801592,1,0.0,8.0,2
bc393751,FPi,40,40,1,3.350908621119094,1,0.4,8.0,17
bc393751,FPi,40,40,2,4.352060349161619,1,0.1,8.0,8
bc393751,FPi,40,40,3,3.706309879131669,0,10.0,0.0,-1
bc393751,FPi,40,40,4,4.694325903238085,1,0.1,8.0,6
bc393751,FPi,40,40,5,8.9304126783764,0,10.0,0.0,-1
bc393751,FPi,40,40,6,4.286069107021027,0,10.0,0.0,-1
bc393751,FPi,40,40,7,3.409011669097635,1,0.5,8.0,18
bc393751,FPi,40,40,8,10.123450772031845,0,10.0,0.0,-1
bc393751,FPi,40,40,9,6.2931068509536825,1,0.0,8.0,1
bc393751,FPi,40,40,10,3.927246225912192,0,10.0,0.0,-1
bc393751,FPi,40,40,11,3.77963293558091,0,10.0,0.0,-1
bc393751,FPi,40,40,12,5.047441546954623,0,10.0,0.0,-1
bc393751,FPi,40,40,13,4.6583591520354055,1,0.0,8.0,3
bc393751,FPi,40,40,14,6.828306398305295,1,0.1,8.0,7
bc393751,FPi,40,40,15,2.955398385522139,1,0.2,8.0,10
bc393751,FPi,40,40,16,4.753223989538443,1,0.1,8.0,5
bc393751,FPi,40,40,17,5.219633461872333,1,0.4,8.0,16
bc393751,FPi,40,40,18,2.491240171258314,1,0.1,8.0,9
bc393751,FPi,40,40,19,3.908289650453783,1,0.30000000000000004,8.0,14
bc393751,FPi,40,40,20,6.958214070250884,1,0.30000000000000004,8.0,13
bc393751,FPi,40,40,21,3.800173655755742,1,0.2,8.0,11
bc393751,FPi,40,40,22,5.845984444304397,1,0.9,8.0,24
bc393751,FPi,40,40,23,7.100367091971007,1,0.0,8.0,0
bc393751,FPi,40,40,24,7.0676786160277665,0,10.0,0.0,-1
bc393751,FPi,40,40,25,7.022544232778247,1,0.8,8.0,23
bc393751,FPi,40,40,26,3.4774187146149105,1,0.4,8.0,15
bc393751,FPi,40,40,27,6.191940756659912,1,0.5,8.0,19
bc393751,FPi,40,40,28,3.645478631272521,0,10.0,0.0,-1
bc393751,FPi,40,40,29,4.696715562765101,1,1.2000000000000002,8.0,26
bc393751,FPi,40,40,30,7.355093163973033,1,0.6000000000000001,8.0,20
bc393751,FPi,40,40,31,7.059037772800265,1,1.4000000000000001,8.0,28
bc393751,FPi,40,40,32,7.732966114450932,1,0.6000000000000001,8.0,21
bc393751,FPi,40,40,33,7.129529941914962,1,1.0,8.0,25
bc393751,FPi,40,40,34,4.391711062358361,0,10.0,0.0,-1
bc393751,FPi,40,40,35,5.451973804007321,1,0.8,8.0,22
bc393751,FPi,40,40,36,4.187753227954167,1,0.2,8.0,12
bc393751,FPi,40,40,37,11.854175154052431,0,10.0,0.0,-1
bc393751,FPi,40,40,38,4.564154130812612,1,1.3,8.0,27
bc393751,FPi,40,40,39,5.475631160227799,1,0.1,8.0,4
3d2891f5,FPb,20,20,0,5.380305514011253,1,10.0,8.0,1
3d2891f5,FPb,20,20,1,9.781908344439774,0,10.0,0.0,-1
3d2891f5,FPb,20,20,2,5.70304804301373,1,10.0,8.0,7
3d2891f5,FPb,20,20,3,9.933487159856993,0,10.0,0.0,-1
3d2891f5,FPb,20,20,4,7.151142308643963,1,10.0,8.0,5
3d2891f5,FPb,20,20,5,3.3222108567627235,1,10.0,8.0,12
3d2891f5,FPb,20,20,6,4.241408192135754,1,10.0,8.0,6
3d2891f5,FPb,20,20,7,4.713048326212967,1,10.0,8.0,3
3d2891f5,FPb,20,20,8,5.084228592595817,1,10.0,8.0,11
3d2891f5,FPb,20,20,9,5.189242948748527,1,10.0,8.0,13
3d2891f5,FPb,20,20,10,6.096476089083758,1,10.0,8.0,2
3d2891f5,FPb,20,20,11,4.883342744574123,1,10.0,8.0,10
3d2891f5,FPb,20,20,12,4.463700612142774,1,10.0,8.0,0
3d2891f5,FPb,20,20,13,10.393076300750629,0,10.0,0.0,-1
3d2891f5,FPb,20,20,14,5.585975607516305,1,10.0,8.0,4
3d2891f5,FPb,20,20,15,12.9822998412884,0,10.0,0.0,-1
3d2891f5,FPb,20,20,16,6.946987627214733,1,10.0,8.0,14
3d2891f5,FPb,20,20,17,11.663842291641702,0,10.0,0.0,-1
3d2891f5,FPb,20,20,18,6.52180650592354,1,10.0,8.0,9
3d2891f5,FPb,20,20,19,3.8273351568565235,1,10.0,8.0,8
30c456e9,FPb,20,20,0,3.380069448739013,0,10.0,0.0,-1
30c456e9,FPb,20,20,1,5.961358448821452,1,10.0,8.0,12
30c456e9,FPb,20,20,2,11.028610755891334,0,10.0,0.0,-1
30c456e9,FPb,20,20,3,4.455940019722258,1,10.0,8.0,11
30c456e9,FPb,20,20,4,4.612243593003996,1,10.0,8.0,7
30c456e9,FPb,20,20,5,7.37192545762412,1,10.0,8.0,0
30c456e9,FPb,20,20,6,7.502069324155383,1,10.0,8.0,10
30c456e9,FPb,20,20,7,6.8281538117684955,1,10.0,8.0,6
30c456e9,FPb,20,20,8,5.364266908505137,1,10.0,8.0,5
30c456e9,FPb,20,20,9,5.438067163925747,1,10.0,8.0,4
30c456e9,FPb,20,20,10,5.6477697474148645,1,10.0,8.0,3
30c456e9,FPb,20,20,11,20.056919829654454,0,10.0,0.0,-1
30c456e9,FPb,20,20,12,5.335643691683329,1,10.0,8.0,8
30c456e9,FPb,20,20,13,2.280631276774826,1,10.0,8.0,1
30c456e9,FPb,20,20,14,4.558206157733118,1,10.0,8.0,2
30c456e9,FPb,20,20,15,8.337480109450611,0,10.0,0.0,-1
30c456e9,FPb,20,20,16,6.513321103996181,0,10.0,0.0,-1
30c456e9,FPb,20,20,17,3.2237103465247694,1,10.0,8.0,9
30c456e9,FPb,20,20,18,14.858477390487453,0,10.0,0.0,-1
30c456e9,FPb,20,20,19,9.302631579295632,0,10.0,0.0,-1
bef1a5db,FPb,20,20,0,6.696057160278994,1,10.0,8.0,7
bef1a5db,FPb,20,20,1,11.25967045405572,0,10.0,0.0,-1
bef1a5db,FPb,20,20,2,8.28559846447677,0,10.0,0.0,-1
bef1a5db,FPb,20,20,3,3.371578624919553,1,10.0,8.0,0
bef1a5db,FPb,20,20,4,5.466457788261369,1,10.0,8.0,1
bef1a5db,FPb,20,20,5,8.01058674716762,0,10.0,0.0,-1
bef1a5db,FPb,20,20,6,4.940222524671937,1,10.0,8.0,3
bef1a5db,FPb,20,20,7,6.961969733211509,1,10.0,8.0,13
bef1a5db,FPb,20,20,8,5.582021896150758,1,10.0,8.0,6
bef1a5db,FPb,20,20,9,6.780376815550161,1,10.0,8.0,14
bef1a5db,FPb,20,20,10,7.013962581915907,1,10.0,8.0,10
bef1a5db,FPb,20,20,11,3.3710622296456823,1,10.0,8.0,15
bef1a5db,FPb,20,20,12,5.677723435284263,1,10.0,8.0,8
bef1a5db,FPb,20,20,13,5.661102181441252,1,10.0,8.0,4
bef1a5db,FPb,20,20,14,3.930927263276212,1,10.0,8.0,9
bef1a5db,FPb,20,20,15,5.3265511344492396,1,10.0,8.0,11
bef1a5db,FPb,20,20,16,2.5343723267407037,1,10.0,8.0,5
bef1a5db,FPb,20,20,17,8.216197646216504,0,10.0,0.0,-1
bef1a5db,FPb,20,20,18,4.202323441582521,1,10.0,8.0,2
bef1a5db,FPb,20,20,19,3.9550249909242807,1,10.0,8.0,12
b85b6272,FPb,20,20,0,6.082686908640556,1,10.0,8.0,7
b85b6272,FPb,20,20,1,3.200531883043665,1,10.0,8.0,6
b85b6272,FPb,20,20,2,4.521119622615149,1,10.0,8.0,0
b85b6272,FPb,20,20,3,4.226707625290124,1,10.0,8.0,13
b85b6272,FPb,20,20,4,10.129765610912877,0,10.0,0.0,-1
b85b6272,FPb,20,20,5,8.667949446009528,0,10.0,0.0,-1
b85b6272,FPb,20,20,6,2.3636800836656766,1,10.0,8.0,2
b85b6272,FPb,20,20,7,4.296220169486839,1,10.0,8.0,8
b85b6272,FPb,20,20,8,4.677637113298045,1,10.0,8.0,14
b85b6272,FPb,20,20,9,4.424067425040146,1,10.0,8.0,4
b85b6272,FPb,20,20,10,5.102533651405673,1,10.0,8.0,3
b85b6272,FPb,20,20,11,4.7565655983332205,1,10.0,8.0,12
b85b6272,FPb,20,20,12,3.5287395046968686,1,10.0,8.0,10
b85b6272,FPb,20,20,13,13.360248296936112,0,10.0,0.0,-1
b85b6272,FPb,20,20,14,4.765472628634538,1,10.0,8.0,11
b85b6272,FPb,20,20,15,4.23546726470634,1,10.0,8.0,15
b85b6272,FPb,20,20,16,5.006013368053178,1,10.0,8.0,1
b85b6272,FPb,20,20,17,4.604819546705398,1,10.0,8.0,9
b85b6272,FPb,20,20,18,11.224058679798102,0,10.0,0.0,-1
b85b6272,FPb,20,20,19,4.476598088922644,1,10.0,8.0,5
6905fa0e,FPb,20,20,0,3.2359589337509354,1,10.0,8.0,6
6905fa0e,FPb,20,20,1,6.420014096514055,1,10.0,8.0,11
6905fa0e,FPb,20,20,2,4.87367645999661,1,10.0,8.0,1
6905fa0e,FPb,20,20,3,3.947121934566222,1,10.0,8.0,7
6905fa0e,FPb,20,20,4,12.334038143810728,0,10.0,0.0,-1
6905fa0e,FPb,20,20,5,7.234772037208291,1,10.0,8.0,3
6905fa0e,FPb,20,20,6,8.227848442153105,0,10.0,0.0,-1
6905fa0e,FPb,20,20,7,5.242339561604324,1,10.0,8.0,10
6905fa0e,FPb,20,20,8,6.123517265106804,1,10.0,8.0,2
6905fa0e,FPb,20,20,9,2.187192743798913,1,10.0,8.0,13
6905fa0e,FPb,20,20,10,4.822558303461654,1,10.0,8.0,5
6905fa0e,FPb,20,20,11,9.247598709593529,0,10.0,0.0,-1
6905fa0e,FPb,20,20,12,3.173949537818299,1,10.0,8.0,14
6905fa0e,FPb,20,20,13,3.1986412797523704,1,10.0,8.0,0
6905fa0e,FPb,20,20,14,3.819338919704551,1,10.0,8.0,15
6905fa0e,FPb,20,20,15,3.9689199685076737,1,10.0,8.0,9
6905fa0e,FPb,20,20,16,3.3155520632421935,1,10.0,8.0,12
6905fa0e,FPb,20,20,17,4.545876096406803,1,10.0,8.0,8
6905fa0e,FPb,20,20,18,9.073874204989634,0,10.0,0.0,-1
6905fa0e,FPb,20,20,19,7.379764190400594,1,10.0,8.0,4
463ca6d2,FPb,20,40,0,7.363356513556049,1,10.0,8.0,4
463ca6d2,FPb,20,40,1,4.370006488965309,1,10.0,8.0,5
463ca6d2,FPb,20,40,2,6.410910866761218,1,10.0,8.0,1
463ca6d2,FPb,20,40,3,6.2718121458485925,1,10.0,8.0,15
463ca6d2,FPb,20,40,4,6.7062071758351856,1,10.0,8.0,13
463ca6d2,FPb,20,40,5,3.2464316615752877,1,10.0,8.0,0
463ca6d2,FPb,20,40,6,5.735128270558268,1,10.0,8.0,3
463ca6d2,FPb,20,40,7,6.9422801585314025,1,10.0,8.0,14
463ca6d2,FPb,20,40,8,10.01862910165612,0,10.0,0.0,-1
463ca6d2,FPb,20,40,9,8.386504765242567,0,10.0,0.0,-1
463ca6d2,FPb,20,40,10,4.556263025281566,1,10.0,8.0,9
463ca6d2,FPb,20,40,11,6.95736804687711,1,10.0,8.0,12
463ca6d2,FPb,20,40,12,4.6126797027691895,1,10.0,8.0,10
463ca6d2,FPb,20,40,13,6.9367755992824,1,10.0,8.0,7
463ca6d2,FPb,20,40,14,5.145643872384163,1,10.0,8.0,6
463ca6d2,FPb,20,40,15,8.910345956940914,0,10.0,0.0,-1
463ca6d2,FPb,20,40,16,14.389115314599373,0,10.0,0.0,-1
463ca6d2,FPb,20,40,17,2.981322669932364,1,10.0,8.0,11
463ca6d2,FPb,20,40,18,5.926872001853307,1,10.0,8.0,8
463ca6d2,FPb,20,40,19,5.646343148998066,1,10.0,8.0,2
98b09615,FPb,20,40,0,4.885359797523974,1,10.0,8.0,10
98b09615,FPb,20,40,1,4.041965981441745,1,10.0,8.0,9
98b09615,FPb,20,40,2,10.99131168080859,0,10.0,0.0,-1
98b09615,FPb,20,40,3,11.262646200893514,0,10.0,0.0,-1
98b09615,FPb,20,40,4,4.544146586115141,1,10.0,8.0,13
98b09615,FPb,20,40,5,4.1393548158224895,1,10.0,8.0,16
98b09615,FPb,20,40,6,6.799337026984199,1,10.0,8.0,0
98b09615,FPb,20,40,7,5.7332856385415525,1,10.0,8.0,6
98b09615,FPb,20,40,8,5.196875952035591,1,10.0,8.0,1
98b09615,FPb,20,40,9,7.137164553749014,1,10.0,8.0,15
98b09615,FPb,20,40,10,6.916807573138845,1,10.0,8.0,12
98b09615,FPb,20,40,11,6.965918712423655,1,10.0,8.0,3
98b09615,FPb,20,40,12,8.979140140761125,0,10.0,0.0,-1
98b09615,FPb,20,40,13,4.724277306345167,1,10.0,8.0,4
98b09615,FPb,20,40,14,4.763026688980385,1,10.0,8.0,11
98b09615,FPb,20,40,15,5.9558946569822435,1,10.0,8.0,14
98b09615,FPb,20,40,16,5.150206663833191,1,10.0,8.0,5
98b09615,FPb,20,40,17,4.2151437625306,1,10.0,8.0,2
98b09615,FPb,20,40,18,5.785749299189903,1,10.0,8.0,7
98b09615,FPb,20,40,19,6.518693913871853,1,10.0,8.0,8
a37a6df3,FPb,20,40,0,4.408376366400769,1,10.0,8.0,9
a37a6df3,FPb,20,40,1,11.504344204024099,0,10.0,0.0,-1
a37a6df3,FPb,20,40,2,6.599817441928428,1,10.0,8.0,8
a37a6df3,FPb,20,40,3,4.08534381083625,1,10.0,8.0,1
a37a6df3,FPb,20,40,4,8.47729620348091,0,10.0,0.0,-1
a37a6df3,FPb,20,40,5,4.248510282306239,1,10.0,8.0,14
a37a6df3,FPb,20,40,6,4.687911420569517,1,10.0,8.0,7
a37a6df3,FPb,20,40,7,8.494526570438401,0,10.0,0.0,-1
a37a6df3,FPb,20,40,8,4.244073625305031,1,10.0,8.0,13
a37a6df3,FPb,20,40,9,7.53839779798438,1,10.0,8.0,10
a37a6df3,FPb,20,40,10,20.14840529780105,0,10.0,0.0,-1
a37a6df3,FPb,20,40,11,5.128868271302199,1,10.0,8.0,0
a37a6df3,FPb,20,40,12,7.176585032830014,1,10.0,8.0,12
a37a6df3,FPb,20,40,13,4.1427057567279055,1,10.0,8.0,5
a37a6df3,FPb,20,40,14,5.954709456966003,1,10.0,8.0,15
a37a6df3,FPb,20,40,15,7.167651535733497,1,10.0,8.0,3
a37a6df3,FPb,20,40,16,5.402329017585811,1,10.0,8.0,2
a37a6df3,FPb,20,40,17,2.9053805941427764,1,10.0,8.0,4
a37a6df3,FPb,20,40,18,7.816985211558274,1,10.0,8.0,11
a37a6df3,FPb,20,40,19,5.97613397411954,1,10.0,8.0,6
541ef808,FPb,20,40,0,3.8341116719695743,1,10.0,8.0,8
541ef808,FPb,20,40,1,3.9192389299874293,1,10.0,8.0,1
541ef808,FPb,20,40,2,4.767189229042417,1,10.0,8.0,13
541ef808,FPb,20,40,3,9.188380110209861,0,10.0,0.0,-1
541ef808,FPb,20,40,4,5.52907409281152,1,10.0,8.0,2
541ef808,FPb,20,40,5,3.049564928198911,1,10.0,8.0,12
541ef808,FPb,20,40,6,4.273418475584897,1,10.0,8.0,9
541ef808,FPb,20,40,7,5.239134131393952,1,10.0,8.0,0
541ef808,FPb,20,40,8,9.065094088988648,0,10.0,0.0,-1
541ef808,FPb,20,40,9,13.507063696890368,0,10.0,0.0,-1
541ef808,FPb,20,40,10,13.615095284254267,0,10.0,0.0,-1
541ef808,FPb,20,40,11,3.9524062171203718,1,10.0,8.0,11
541ef808,FPb,20,40,12,4.941809725958421,1,10.0,8.0,6
541ef808,FPb,20,40,13,1.6411826515976156,1,10.0,8.0,10
541ef808,FPb,20,40,14,7.863074788680425,1,10.0,8.0,5
541ef808,FPb,20,40,15,4.62357929591524,1,10.0,8.0,7
541ef808,FPb,20,40,16,9.582650140423944,0,10.0,0.0,-1
541ef808,FPb,20,40,17,3.6015936125376826,1,10.0,8.0,3
541ef808,FPb,20,40,18,9.171297295084798,0,10.0,0.0,-1
541ef808,FPb,20,40,19,7.606002925437608,1,10.0,8.0,4
88754032,FPb,20,40,0,4.919040914344598,1,10.0,8.0,9
88754032,FPb,20,40,1,8.898829082206808,0,10.0,0.0,-1
88754032,FPb,20,40,2,17.2538817352871,0,10.0,0.0,-1
88754032,FPb,20,40,3,7.787717909943565,1,10.0,8.0,10
88754032,FPb,20,40,4,4.540012907174109,1,10.0,8.0,5
88754032,FPb,20,40,5,6.501146808603407,1,10.0,8.0,3
88754032,FPb,20,40,6,7.7561191891286745,1,10.0,8.0,6
88754032,FPb,20,40,7,5.8390055055912455,1,10.0,8.0,1
88754032,FPb,20,40,8,14.462063095324115,0,10.0,0.0,-1
88754032,FPb,20,40,9,7.8548202653227435,1,10.0,8.0,7
88754032,FPb,20,40,10,6.034041861545071,1,10.0,8.0,12
88754032,FPb,20,40,11,5.660334006015837,1,10.0,8.0,14
88754032,FPb,20,40,12,4.318301476359811,1,10.0,8.0,4
88754032,FPb,20,40,13,6.983594316342202,1,10.0,8.0,13
88754032,FPb,20,40,14,5.56071162707493,1,10.0,8.0,8
88754032,FPb,20,40,15,5.109494332978331,1,10.0,8.0,11
88754032,FPb,20,40,16,3.1017993728890034,1,10.0,8.0,0
88754032,FPb,20,40,17,8.31400366896626,0,10.0,0.0,-1
88754032,FPb,20,40,18,8.859041062622902,0,10.0,0.0,-1
88754032,FPb,20,40,19,6.491406583360416,1,10.0,8.0,2
35443161,FPb,40,20,0,7.5859823946043345,1,10.0,8.0,2
35443161,FPb,40,20,1,6.974065286265734,0,10.0,0.0,-1
35443161,FPb,40,20,2,4.540901943446295,0,10.0,0.0,-1
35443161,FPb,40,20,3,4.327414712679262,0,10.0,0.0,-1
35443161,FPb,40,20,4,6.7652382148714265,0,10.0,0.0,-1
35443161,FPb,40,20,5,3.887133291905756,0,10.0,0.0,-1
35443161,FPb,40,20,6,3.2038230020584977,1,10.0,8.0,6
35443161,FPb,40,20,7,4.098474844144061,0,10.0,0.0,-1
35443161,FPb,40,20,8,4.009982900073145,1,10.0,8.0,3
35443161,FPb,40,20,9,4.529509311648425,0,10.0,0.0,-1
35443161,FPb,40,20,10,4.507396906353432,0,10.0,0.0,-1
35443161,FPb,40,20,11,5.552121813335878,1,10.0,8.0,8
35443161,FPb,40,20,12,3.492489519181269,1,10.0,8.0,0
35443161,FPb,40,20,13,2.894663257170466,0,10.0,0.0,-1
35443161,FPb,40,20,14,5.135434996408286,0,10.0,0.0,-1
35443161,FPb,40,20,15,4.837841508159876,1,10.0,8.0,7
35443161,FPb,40,20,16,6.039916942701524,0,10.0,0.0,-1
35443161,FPb,40,20,17,7.961042765816994,0,10.0,0.0,-1
35443161,FPb,40,20,18,4.006106244877068,0,10.0,0.0,-1
35443161,FPb,40,20,19,8.440639554276194,0,10.0,0.0,-1
35443161,FPb,40,20,20,9.257725387494558,0,10.0,0.0,-1
35443161,FPb,40,20,21,8.626066253033787,0,10.0,0.0,-1
35443161,FPb,40,20,22,9.121380000336414,0,10.0,0.0,-1
35443161,FPb,40,20,23,8.230290899392896,0,10.0,0.0,-1
35443161,FPb,40,20,24,4.327635097951429,0,10.0,0.0,-1
35443161,FPb,40,20,25,6.731530022418605,0,10.0,0.0,-1
35443161,FPb,40,20,26,6.849154591848635,0,10.0,0.0,-1
35443161,FPb,40,20,27,8.217344838154052,0,10.0,0.0,-1
35443161,FPb,40,20,28,7.542267103930005,0,10.0,0.0,-1
35443161,FPb,40,20,29,10.464200298634523,0,10.0,0.0,-1
35443161,FPb,40,20,30,2.8881197409951755,1,10.0,8.0,4
35443161,FPb,40,20,31,9.040637653212176,0,10.0,0.0,-1
35443161,FPb,40,20,32,6.770367799616106,1,10.0,8.0,5
35443161,FPb,40,20,33,4.7158972476488366,0,10.0,0.0,-1
35443161,FPb,40,20,34,2.925927497800693,0,10.0,0.0,-1
35443161,FPb,40,20,35,7.0198965679267635,1,10.0,8.0,1
35443161,FPb,40,20,36,5.220361944357225,0,10.0,0.0,-1
35443161,FPb,40,20,37,7.51080774788824,0,10.0,0.0,-1
35443161,FPb,40,20,38,9.871736224380019,0,10.0,0.0,-1
35443161,FPb,40,20,39,3.8708742345534772,0,10.0,0.0,-1
50bcc3ab,FPb,40,20,0,9.876619566675755,0,10.0,0.0,-1
50bcc3ab,FPb,40,20,1,6.680454277906896,1,10.0,8.0,2
50bcc3ab,FPb,40,20,2,5.796708012745782,0,10.0,0.0,-1
50bcc3ab,FPb,40,20,3,3.8476447515865315,0,10.0,0.0,-1
50bcc3ab,FPb,40,20,4,7.553329429224362,0,10.0,0.0,-1
50bcc3ab,FPb,40,20,5,6.910599686500419,0,10.0,0.0,-1
50bcc3ab,FPb,40,20,6,10.544470207478096,0,10.0,0.0,-1
50bcc3ab,FPb,40,20,7,7.446647396420824,0,10.0,0.0,-1
50bcc3ab,FPb,40,20,8,3.552307762556788,0,10.0,0.0,-1
50bcc3ab,FPb,40,20,9,3.9383696904395644,1,10.0,8.0,9
50bcc3ab,FPb,40,20,10,7.673379633448502,1,10.0,8.0,5
50bcc3ab,FPb,40,20,11,5.691815382127206,1,10.0,8.0,4
50bcc3ab,FPb,40,20,12,5.1821968163576075,1,10.0,8.0,3
50bcc3ab,FPb,40,20,13,3.219046852451146,1,10.0,8.0,1
50bcc3ab,FPb,40,20,14,3.934070199799919,1,10.0,8.0,15
50bcc3ab,FPb,40,20,15,9.951892016300285,0,10.0,0.0,-1
50bcc3ab,FPb,40,20,16,4.61449459709221,0,10.0,0.0,-1
50bcc3ab,FPb,40,20,17,10.66120307465433,0,10.0,0.0,-1
50bcc3ab,FPb,40,20,18,6.105014164060742,1,10.0,8.0,11
50bcc3ab,FPb,40,20,19,4.707037221599044,1,10.0,8.0,14
50bcc3ab,FPb,40,20,20,6.750969630280771,0,10.0,0.0,-1
50bcc3ab,FPb,40,20,21,7.146561414324203,1,10.0,8.0,13
50bcc3ab,FPb,40,20,22,3.7192831901886296,1,10.0,8.0,6
50bcc3ab,FPb,40,20,23,5.94142736420342,1,10.0,8.0,8
50bcc3ab,FPb,40,20,24,10.088532837759724,0,10.0,0.0,-1
50bcc3ab,FPb,40,20,25,10.74780071462008,0,10.0,0.0,-1
50bcc3ab,FPb,40,20,26,9.232532472739639,0,10.0,0.0,-1
50bcc3ab,FPb,40,20,27,4.5372147306242985,0,10.0,0.0,-1
50bcc3ab,FPb,40,20,28,6.062113915701181,1,10.0,8.0,12
50bcc3ab,FPb,40,20,29,14.73047645494641,0,10.0,0.0,-1
50bcc3ab,FPb,40,20,30,3.6317074153888353,0,10.0,0.0,-1
50bcc3ab,FPb,40,20,31,3.0810606230837445,0,10.0,0.0,-1
50bcc3ab,FPb,40,20,32,7.430666630651341,0,10.0,0.0,-1
50bcc3ab,FPb,40,20,33,5.326100316058959,0,10.0,0.0,-1
50bcc3ab,FPb,40,20,34,6.073210946256696,1,10.0,8.0,10
50bcc3ab,FPb,40,20,35,4.505134280286311,0,10.0,0.0,-1
50bcc3ab,FPb,40,20,36,6.587732524837971,1,10.0,8.0,7
50bcc3ab,FPb,40,20,37,7.516265908237106,1,10.0,8.0,0
50bcc3ab,FPb,40,20,38,8.99267216023597,0,10.0,0.0,-1
50bcc3ab,FPb,40,20,39,7.352292166108797,0,10.0,0.0,-1
1b278167,FPb,40,20,0,3.8262839395518,0,10.0,0.0,-1
1b278167,FPb,40,20,1,6.820067508406252,1,10.0,8.0,7
1b278167,FPb,40,20,2,6.34172878533562,1,10.0,8.0,11
1b278167,FPb,40,20,3,4.400405091319303,1,10.0,8.0,5
1b278167,FPb,40,20,4,6.9644310396543165,0,10.0,0.0,-1
1b278167,FPb,40,20,5,3.6196355541164853,0,10.0,0.0,-1
1b278167,FPb,40,20,6,4.664618042933874,1,10.0,8.0,4
1b278167,FPb,40,20,7,7.618068861588756,1,10.0,8.0,6
1b278167,FPb,40,20,8,6.010935773379035,0,10.0,0.0,-1
1b278167,FPb,40,20,9,6.147973449187952,1,10.0,8.0,2
1b278167,FPb,40,20,10,3.172063848471112,1,10.0,8.0,0
1b278167,FPb,40,20,11,5.056896371159817,0,10.0,0.0,-1
1b278167,FPb,40,20,12,5.394501887487579,0,10.0,0.0,-1
1b278167,FPb,40,20,13,9.784192284631628,0,10.0,0.0,-1
1b278167,FPb,40,20,14,8.424157320117954,0,10.0,0.0,-1
1b278167,FPb,40,20,15,4.312957318163466,0,10.0,0.0,-1
1b278167,FPb,40,20,16,9.09824265113085,0,10.0,0.0,-1
1b278167,FPb,40,20,17,5.0842791168882036,0,10.0,0.0,-1
1b278167,FPb,40,20,18,5.028452523279463,1,10.0,8.0,10
1b278167,FPb,40,20,19,9.291156265554541,0,10.0,0.0,-1
1b278167,FPb,40,20,20,3.0540116684002667,1,10.0,8.0,3
1b278167,FPb,40,20,21,10.467615950320006,0,10.0,0.0,-1
1b278167,FPb,40,20,22,7.491786343472083,1,10.0,8.0,9
1b278167,FPb,40,20,23,8.912015481557221,0,10.0,0.0,-1
1b278167,FPb,40,20,24,3.0325878207683408,0,10.0,0.0,-1
1b278167,FPb,40,20,25,4.285322921199122,1,10.0,8.0,1
1b278167,FPb,40,20,26,3.3585954986093656,0,10.0,0.0,-1
1b278167,FPb,40,20,27,4.216912356815307,0,10.0,0.0,-1
1b278167,FPb,40,20,28,7.134363098808808,0,10.0,0.0,-1
1b278167,FPb,40,20,29,8.512537431710355,0,10.0,0.0,-1
1b278167,FPb,40,20,30,6.664316595261868,0,10.0,0.0,-1
1b278167,FPb,40,20,31,7.191163880855828,0,10.0,0.0,-1
1b278167,FPb,40,20,32,14.590085064685407,0,10.0,0.0,-1
1b278167,FPb,40,20,33,10.895813024114894,0,10.0,0.0,-1
1b278167,FPb,40,20,34,5.400003185347958,0,10.0,0.0,-1
1b278167,FPb,40,20,35,6.656355592742531,0,10.0,0.0,-1
1b278167,FPb,40,20,36,9.334676518516973,0,10.0,0.0,-1
1b278167,FPb,40,20,37,4.466543418220236,0,10.0,0.0,-1
1b278167,FPb,40,20,38,6.201240189139304,1,10.0,8.0,8
1b278167,FPb,40,20,39,9.000005667920533,0,10.0,0.0,-1
36910bd1,FPb,40,20,0,6.43576096543514,0,10.0,0.0,-1
36910bd1,FPb,40,20,1,4.930428599315437,0,10.0,0.0,-1
36910bd1,FPb,40,20,2,3.2812394176263218,1,10.0,8.0,14
36910bd1,FPb,40,20,3,9.978622141371021,0,10.0,0.0,-1
36910bd1,FPb,40,20,4,2.613327194588943,0,10.0,0.0,-1
36910bd1,FPb,40,20,5,8.410613825308703,0,10.0,0.0,-1
36910bd1,FPb,40,20,6,17.96250784640746,0,10.0,0.0,-1
36910bd1,FPb,40,20,7,6.989486917134118,0,10.0,0.0,-1
36910bd1,FPb,40,20,8,9.627247163350338,0,10.0,0.0,-1
36910bd1,FPb,40,20,9,11.519893421082585,0,10.0,0.0,-1
36910bd1,FPb,40,20,10,5.641818314203693,1,10.0,8.0,9
36910bd1,FPb,40,20,11,6.670265606352881,0,10.0,0.0,-1
36910bd1,FPb,40,20,12,4.145013451933316,1,10.0,8.0,8
36910bd1,FPb,40,20,13,6.184162649419374,1,10.0,8.0,6
36910bd1,FPb,40,20,14,5.269005981651484,1,10.0,8.0,3
36910bd1,FPb,40,20,15,6.412486320808873,0,10.0,0.0,-1
36910bd1,FPb,40,20,16,8.162936148411708,0,10.0,0.0,-1
36910bd1,FPb,40,20,17,6.935874154391947,0,10.0,0.0,-1
36910bd1,FPb,40,20,18,6.173442878717458,0,10.0,0.0,-1
36910bd1,FPb,40,20,19,7.106665131672384,1,10.0,8.0,12
36910bd1,FPb,40,20,20,5.595342649428811,1,10.0,8.0,13
36910bd1,FPb,40,20,21,4.206918703194127,1,10.0,8.0,2
36910bd1,FPb,40,20,22,2.440633925025806,0,10.0,0.0,-1
36910bd1,FPb,40,20,23,7.705587740571759,1,10.0,8.0,7
36910bd1,FPb,40,20,24,7.412559538370683,1,10.0,8.0,10
36910bd1,FPb,40,20,25,9.14528949949268,0,10.0,0.0,-1
36910bd1,FPb,40,20,26,11.15884306038131,0,10.0,0.0,-1
36910bd1,FPb,40,20,27,4.288329169951528,1,10.0,8.0,11
36910bd1,FPb,40,20,28,8.503524591409825,0,10.0,0.0,-1
36910bd1,FPb,40,20,29,8.82093545208439,0,10.0,0.0,-1
36910bd1,FPb,40,20,30,4.00875633699259,0,10.0,0.0,-1
36910bd1,FPb,40,20,31,3.7686865282917634,1,10.0,8.0,4
36910bd1,FPb,40,20,32,6.365236175140854,0,10.0,0.0,-1
36910bd1,FPb,40,20,33,6.106342112398657,0,10.0,0.0,-1
36910bd1,FPb,40,20,34,5.378553224844026,1,10.0,8.0,5
36910bd1,FPb,40,20,35,6.64444148201118,1,10.0,8.0,0
36910bd1,FPb,40,20,36,7.304778887837742,1,10.0,8.0,1
36910bd1,FPb,40,20,37,5.222148636351867,0,10.0,0.0,-1
36910bd1,FPb,40,20,38,8.781762458692782,0,10.0,0.0,-1
36910bd1,FPb,40,20,39,10.225961851894123,0,10.0,0.0,-1
2c89f3c2,FPb,40,20,0,6.908549563595839,1,10.0,8.0,5
2c89f3c2,FPb,40,20,1,8.359911684474381,0,10.0,0.0,-1
2c89f3c2,FPb,40,20,2,7.709812785771807,1,10.0,8.0,1
2c89f3c2,FPb,40,20,3,11.38474335199903,0,10.0,0.0,-1
2c89f3c2,FPb,40,20,4,11.616569981029999,0,10.0,0.0,-1
2c89f3c2,FPb,40,20,5,5.146453567309001,1,10.0,8.0,7
2c89f3c2,FPb,40,20,6,8.482125204355075,0,10.0,0.0,-1
2c89f3c2,FPb,40,20,7,4.414874749582155,0,10.0,0.0,-1
2c89f3c2,FPb,40,20,8,8.508972938247622,0,10.0,0.0,-1
2c89f3c2,FPb,40,20,9,4.901901210974879,1,10.0,8.0,9
2c89f3c2,FPb,40,20,10,3.6957121786841967,1,10.0,8.0,4
2c89f3c2,FPb,40,20,11,6.37305217797904,1,10.0,8.0,0
2c89f3c2,FPb,40,20,12,5.142325069223742,1,10.0,8.0,13
2c89f3c2,FPb,40,20,13,4.80604653800669,0,10.0,0.0,-1
2c89f3c2,FPb,40,20,14,7.214861689698677,0,10.0,0.0,-1
2c89f3c2,FPb,40,20,15,8.57343332406257,0,10.0,0.0,-1
2c89f3c2,FPb,40,20,16,4.828013142887207,0,10.0,0.0,-1
2c89f3c2,FPb,40,20,17,2.8415691115691453,1,10.0,8.0,6
2c89f3c2,FPb,40,20,18,4.460943879928007,0,10.0,0.0,-1
2c89f3c2,FPb,40,20,19,7.707893601188202,0,10.0,0.0,-1
2c89f3c2,FPb,40,20,20,7.5608806211227995,1,10.0,8.0,2
2c89f3c2,FPb,40,20,21,4.727556119389124,1,10.0,8.0,10
2c89f3c2,FPb,40,20,22,8.168825290007844,0,10.0,0.0,-1
2c89f3c2,FPb,40,20,23,6.755644704640977,0,10.0,0.0,-1
2c89f3c2,FPb,40,20,24,6.851986050070363,0,10.0,0.0,-1
2c89f3c2,FPb,40,20,25,6.1130262300366525,0,10.0,0.0,-1
2c89f3c2,FPb,40,20,26,12.145265080393504,0,10.0,0.0,-1
2c89f3c2,FPb,40,20,27,7.858061845427618,0,10.0,0.0,-1
2c89f3c2,FPb,40,20,28,4.1747613437859785,0,10.0,0.0,-1
2c89f3c2,FPb,40,20,29,11.79022874335784,0,10.0,0.0,-1
2c89f3c2,FPb,40,20,30,6.908645596668198,0,10.0,0.0,-1
2c89f3c2,FPb,40,20,31,4.180682596934508,1,10.0,8.0,12
2c89f3c2,FPb,40,20,32,7.01908972710992,1,10.0,8.0,8
2c89f3c2,FPb,40,20,33,5.976260078913317,1,10.0,8.0,3
2c89f3c2,FPb,40,20,34,5.765934931569608,1,10.0,8.0,11
2c89f3c2,FPb,40,20,35,3.915252788832837,0,10.0,0.0,-1
2c89f3c2,FPb,40,20,36,6.095335149133507,0,10.0,0.0,-1
2c89f3c2,FPb,40,20,37,7.53367966324908,0,10.0,0.0,-1
2c89f3c2,FPb,40,20,38,10.95198787780567,0,10.0,0.0,-1
2c89f3c2,FPb,40,20,39,5.865697270429573,0,10.0,0.0,-1
b315c3c6,FPb,40,40,0,4.892849021267656,1,10.0,8.0,15
b315c3c6,FPb,40,40,1,6.431887458623915,1,10.0,8.0,21
b315c3c6,FPb,40,40,2,3.2094222072764165,1,10.0,8.0,24
b315c3c6,FPb,40,40,3,3.2554779516956076,1,10.0,8.0,6
b315c3c6,FPb,40,40,4,4.0805440689324355,1,10.0,8.0,2
b315c3c6,FPb,40,40,5,7.050523893874629,1,10.0,8.0,4
b315c3c6,FPb,40,40,6,2.9964931053659716,1,10.0,8.0,16
b315c3c6,FPb,40,40,7,5.338403364160963,1,10.0,8.0,26
b315c3c6,FPb,40,40,8,5.4898674083397845,1,10.0,8.0,0
b315c3c6,FPb,40,40,9,5.844342927757578,1,10.0,8.0,8
b315c3c6,FPb,40,40,10,4.96850088155599,1,10.0,8.0,23
b315c3c6,FPb,40,40,11,5.744902563768114,1,10.0,8.0,9
b315c3c6,FPb,40,40,12,11.041879747616184,0,10.0,0.0,-1
b315c3c6,FPb,40,40,13,9.03089873920001,0,10.0,0.0,-1
b315c3c6,FPb,40,40,14,7.3637600872695685,1,10.0,8.0,3
b315c3c6,FPb,40,40,15,4.071507273044743,1,10.0,8.0,10
b315c3c6,FPb,40,40,16,2.882500093166584,1,10.0,8.0,18
b315c3c6,FPb,40,40,17,5.462443893880438,1,10.0,8.0,11
b315c3c6,FPb,40,40,18,6.292588328824755,1,10.0,8.0,22
b315c3c6,FPb,40,40,19,4.417644691866462,1,10.0,8.0,7
b315c3c6,FPb,40,40,20,7.233182331467465,1,10.0,8.0,20
b315c3c6,FPb,40,40,21,9.278073493299555,0,10.0,0.0,-1
b315c3c6,FPb,40,40,22,6.362482715678133,1,10.0,8.0,5
b315c3c6,FPb,40,40,23,6.84591500403445,1,10.0,8.0,17
b315c3c6,FPb,40,40,24,9.90311464153075,0,10.0,0.0,-1
b315c3c6,FPb,40,40,25,3.3524942344936037,1,10.0,8.0,27
b315c3c6,FPb,40,40,26,9.453771700427588,0,10.0,0.0,-1
b315c3c6,FPb,40,40,27,17.417893620417612,0,10.0,0.0,-1
b315c3c6,FPb,40,40,28,8.282429938701949,0,10.0,0.0,-1
b315c3c6,FPb,40,40,29,5.764618717395703,1,10.0,8.0,13
b315c3c6,FPb,40,40,30,9.197666578724174,0,10.0,0.0,-1
b315c3c6,FPb,40,40,31,5.047299430431173,1,10.0,8.0,1
b315c3c6,FPb,40,40,32,7.353798951165552,1,10.0,8.0,14
b315c3c6,FPb,40,40,33,2.748606399669877,1,10.0,8.0,19
b315c3c6,FPb,40,40,34,12.953570560851542,0,10.0,0.0,-1
b315c3c6,FPb,40,40,35,7.759735297184622,1,10.0,8.0,25
b315c3c6,FPb,40,40,36,4.803194562202482,1,10.0,8.0,12
b315c3c6,FPb,40,40,37,9.418121269822647,0,10.0,0.0,-1
b315c3c6,FPb,40,40,38,8.30201520740666,0,10.0,0.0,-1
b315c3c6,FPb,40,40,39,8.768787574321573,0,10.0,0.0,-1
c4f58ce3,FPb,40,40,0,5.735961604264425,1,10.0,8.0,19
c4f58ce3,FPb,40,40,1,3.639509426079007,1,10.0,8.0,10
c4f58ce3,FPb,40,40,2,10.086376569102887,0,10.0,0.0,-1
c4f58ce3,FPb,40,40,3,7.39961084659546,1,10.0,8.0,3
c4f58ce3,FPb,40,40,4,3.25290148412388,1,10.0,8.0,21
c4f58ce3,FPb,40,40,5,15.429505302461264,0,10.0,0.0,-1
c4f58ce3,FPb,40,40,6,9.876887940411347,0,10.0,0.0,-1
c4f58ce3,FPb,40,40,7,11.287652290845454,0,10.0,0.0,-1
c4f58ce3,FPb,40,40,8,5.656079723452538,1,10.0,8.0,22
c4f58ce3,FPb,40,40,9,8.799162595777112,0,10.0,0.0,-1
c4f58ce3,FPb,40,40,10,4.346466797444774,1,10.0,8.0,1
c4f58ce3,FPb,40,40,11,10.706177857716607,0,10.0,0.0,-1
c4f58ce3,FPb,40,40,12,3.8914661238729034,1,10.0,8.0,5
c4f58ce3,FPb,40,40,13,7.427021499758357,1,10.0,8.0,9
c4f58ce3,FPb,40,40,14,4.972811207271856,1,10.0,8.0,7
c4f58ce3,FPb,40,40,15,12.287541188115389,0,10.0,0.0,-1
c4f58ce3,FPb,40,40,16,5.530034350365276,1,10.0,8.0,0
c4f58ce3,FPb,40,40,17,7.796392927498762,1,10.0,8.0,15
c4f58ce3,FPb,40,40,18,11.83569711230334,0,10.0,0.0,-1
c4f58ce3,FPb,40,40,19,3.533692480229756,1,10.0,8.0,14
c4f58ce3,FPb,40,40,20,3.403095059248538,1,10.0,8.0,17
c4f58ce3,FPb,40,40,21,10.707640402819989,0,10.0,0.0,-1
c4f58ce3,FPb,40,40,22,8.720624247098321,0,10.0,0.0,-1
c4f58ce3,FPb,40,40,23,5.258111454604971,1,10.0,8.0,18
c4f58ce3,FPb,40,40,24,7.39388311683908,1,10.0,8.0,16
c4f58ce3,FPb,40,40,25,6.7422885628469205,1,10.0,8.0,2
c4f58ce3,FPb,40,40,26,9.667941362270579,0,10.0,0.0,-1
c4f58ce3,FPb,40,40,27,10.823234242557056,0,10.0,0.0,-1
c4f58ce3,FPb,40,40,28,3.8154791814085565,1,10.0,8.0,20
c4f58ce3,FPb,40,40,29,7.16274079507037,1,10.0,8.0,23
c4f58ce3,FPb,40,40,30,4.642525155797839,1,10.0,8.0,8
c4f58ce3,FPb,40,40,31,6.334877977423015,1,10.0,8.0,4
c4f58ce3,FPb,40,40,32,14.783346334937084,0,10.0,0.0,-1
c4f58ce3,FPb,40,40,33,8.907643779974403,0,10.0,0.0,-1
c4f58ce3,FPb,40,40,34,5.68191036685884,1,10.0,8.0,11
c4f58ce3,FPb,40,40,35,18.18677166054519,0,10.0,0.0,-1
c4f58ce3,FPb,40,40,36,4.1318042864050915,1,10.0,8.0,6
c4f58ce3,FPb,40,40,37,8.935812057700703,0,10.0,0.0,-1
c4f58ce3,FPb,40,40,38,6.884046186097645,1,10.0,8.0,12
c4f58ce3,FPb,40,40,39,7.025607360970814,1,10.0,8.0,13
b96a7197,FPb,40,40,0,8.750097624405711,0,10.0,0.0,-1
b96a7197,FPb,40,40,1,5.561467376245495,1,10.0,8.0,26
b96a7197,FPb,40,40,2,7.398584708861413,1,10.0,8.0,15
b96a7197,FPb,40,40,3,3.734627529983509,1,10.0,8.0,9
b96a7197,FPb,40,40,4,7.846622366111292,1,10.0,8.0,25
b96a7197,FPb,40,40,5,9.272137079269283,0,10.0,0.0,-1
b96a7197,FPb,40,40,6,2.7856113491204697,1,10.0,8.0,8
b96a7197,FPb,40,40,7,7.835766950307724,1,10.0,8.0,10
b96a7197,FPb,40,40,8,6.864591766069193,1,10.0,8.0,5
b96a7197,FPb,40,40,9,5.1537518275130925,1,10.0,8.0,6
b96a7197,FPb,40,40,10,5.539364612272719,1,10.0,8.0,17
b96a7197,FPb,40,40,11,11.431435028848526,0,10.0,0.0,-1
b96a7197,FPb,40,40,12,6.808559255084605,1,10.0,8.0,7
b96a7197,FPb,40,40,13,3.7322272870983864,1,10.0,8.0,4
b96a7197,FPb,40,40,14,5.533997061912418,1,10.0,8.0,20
b96a7197,FPb,40,40,15,4.655126666076321,1,10.0,8.0,22
b96a7197,FPb,40,40,16,6.188407011536684,1,10.0,8.0,11
b96a7197,FPb,40,40,17,9.99038504072199,0,10.0,0.0,-1
b96a7197,FPb,40,40,18,4.561175738998565,1,10.0,8.0,0
b96a7197,FPb,40,40,19,4.6958321344491365,1,10.0,8.0,23
b96a7197,FPb,40,40,20,8.619419213740976,0,10.0,0.0,-1
b96a7197,FPb,40,40,21,8.918556442021282,0,10.0,0.0,-1
b96a7197,FPb,40,40,22,18.97201826702555,0,10.0,0.0,-1
b96a7197,FPb,40,40,23,11.318806522485344,0,10.0,0.0,-1
b96a7197,FPb,40,40,24,4.574817775144658,1,10.0,8.0,12
b96a7197,FPb,40,40,25,5.551492767002377,1,10.0,8.0,3
b96a7197,FPb,40,40,26,8.11236788743181,0,10.0,0.0,-1
b96a7197,FPb,40,40,27,4.761771863289412,1,10.0,8.0,2
b96a7197,FPb,40,40,28,6.781012044733469,1,10.0,8.0,18
b96a7197,FPb,40,40,29,6.669422701128045,1,10.0,8.0,21
b96a7197,FPb,40,40,30,5.0127013842976,1,10.0,8.0,27
b96a7197,FPb,40,40,31,4.6521981596590605,0,10.0,0.0,-1
b96a7197,FPb,40,40,32,7.232836430637905,1,10.0,8.0,16
b96a7197,FPb,40,40,33,3.8227733560164263,1,10.0,8.0,14
b96a7197,FPb,40,40,34,5.208807771315287,1,10.0,8.0,19
b96a7197,FPb,40,40,35,6.250818185040432,1,10.0,8.0,24
b96a7197,FPb,40,40,36,14.619549670771617,0,10.0,0.0,-1
b96a7197,FPb,40,40,37,4.935680339996044,1,10.0,8.0,13
b96a7197,FPb,40,40,38,10.513379488765453,0,10.0,0.0,-1
b96a7197,FPb,40,40,39,5.203149264852316,1,10.0,8.0,1
2ee73c3b,FPb,40,40,0,6.8046680537825965,1,10.0,8.0,22
2ee73c3b,FPb,40,40,1,17.940806912284355,0,10.0,0.0,-1
2ee73c3b,FPb,40,40,2,4.615371944563589,1,10.0,8.0,12
2ee73c3b,FPb,40,40,3,9.022421157194026,0,10.0,0.0,-1
2ee73c3b,FPb,40,40,4,5.915089462871546,1,10.0,8.0,19
2ee73c3b,FPb,40,40,5,6.105775284001843,1,10.0,8.0,7
2ee73c3b,FPb,40,40,6,3.3688183767525346,1,10.0,8.0,16
2ee73c3b,FPb,40,40,7,7.354692153094154,1,10.0,8.0,14
2ee73c3b,FPb,40,40,8,8.420658506924068,0,10.0,0.0,-1
2ee73c3b,FPb,40,40,9,9.785410488668706,0,10.0,0.0,-1
2ee73c3b,FPb,40,40,10,3.4800234713699876,1,10.0,8.0,21
2ee73c3b,FPb,40,40,11,4.849565968247409,1,10.0,8.0,13
2ee73c3b,FPb,40,40,12,5.211912058245924,1,10.0,8.0,2
2ee73c3b,FPb,40,40,13,4.298210260973547,1,10.0,8.0,8
2ee73c3b,FPb,40,40,14,4.992682931722583,1,10.0,8.0,6
2ee73c3b,FPb,40,40,15,11.781241986981062,0,10.0,0.0,-1
2ee73c3b,FPb,40,40,16,11.351245635543721,0,10.0,0.0,-1
2ee73c3b,FPb,40,40,17,3.9875605982091926,1,10.0,8.0,9
2ee73c3b,FPb,40,40,18,10.016998040086488,0,10.0,0.0,-1
2ee73c3b,FPb,40,40,19,7.748991726970127,1,10.0,8.0,4
2ee73c3b,FPb,40,40,20,8.505125236580392,0,10.0,0.0,-1
2ee73c3b,FPb,40,40,21,9.744339957396337,0,10.0,0.0,-1
2ee73c3b,FPb,40,40,22,9.48571494127793,0,10.0,0.0,-1
2ee73c3b,FPb,40,40,23,6.347229060466361,1,10.0,8.0,18
2ee73c3b,FPb,40,40,24,3.0491859772346586,1,10.0,8.0,0
2ee73c3b,FPb,40,40,25,9.476817065578496,0,10.0,0.0,-1
2ee73c3b,FPb,40,40,26,4.143716986573567,1,10.0,8.0,23
2ee73c3b,FPb,40,40,27,4.9767666954582905,0,10.0,0.0,-1
2ee73c3b,FPb,40,40,28,7.83099281802975,1,10.0,8.0,11
2ee73c3b,FPb,40,40,29,6.450465823038026,1,10.0,8.0,15
2ee73c3b,FPb,40,40,30,2.5597336798101553,1,10.0,8.0,1
2ee73c3b,FPb,40,40,31,3.9677234345672785,1,10.0,8.0,3
2ee73c3b,FPb,40,40,32,4.6344492105951725,1,10.0,8.0,20
2ee73c3b,FPb,40,40,33,5.183861668543053,1,10.0,8.0,5
2ee73c3b,FPb,40,40,34,8.312507974143829,0,10.0,0.0,-1
2ee73c3b,FPb,40,40,35,11.727850100052937,0,10.0,0.0,-1
2ee73c3b,FPb,40,40,36,3.074506355436132,1,10.0,8.0,17
2ee73c3b,FPb,40,40,37,8.97576948040947,0,10.0,0.0,-1
2ee73c3b,FPb,40,40,38,6.8854474030295085,1,10.0,8.0,10
2ee73c3b,FPb,40,40,39,10.921618125308406,0,10.0,0.0,-1
89be293c,FPb,40,40,0,6.657425953448002,1,10.0,8.0,1
89be293c,FPb,40,40,1,4.192363619864019,1,10.0,8.0,16
89be293c,FPb,40,40,2,15.356487191823541,0,10.0,0.0,-1
89be293c,FPb,40,40,3,3.707848482014208,1,10.0,8.0,25
89be293c,FPb,40,40,4,3.719599179671465,1,10.0,8.0,6
89be293c,FPb,40,40,5,9.845915649392227,0,10.0,0.0,-1
89be293c,FPb,40,40,6,4.410473037286316,1,10.0,8.0,10
89be293c,FPb,40,40,7,4.066743421451657,1,10.0,8.0,24
89be293c,FPb,40,40,8,4.390961740108415,1,10.0,8.0,0
89be293c,FPb,40,40,9,9.98972631119947,0,10.0,0.0,-1
89be293c,FPb,40,40,10,9.371302471860922,0,10.0,0.0,-1
89be293c,FPb,40,40,11,4.113400025550151,1,10.0,8.0,5
89be293c,FPb,40,40,12,6.568494694719675,1,10.0,8.0,20
89be293c,FPb,40,40,13,8.121418907178922,0,10.0,0.0,-1
89be293c,FPb,40,40,14,9.353018080617007,0,10.0,0.0,-1
89be293c,FPb,40,40,15,7.371529330447109,1,10.0,8.0,13
89be293c,FPb,40,40,16,3.5487066024295473,1,10.0,8.0,12
89be293c,FPb,40,40,17,7.292313301779862,1,10.0,8.0,19
89be293c,FPb,40,40,18,6.504998728759414,1,10.0,8.0,9
89be293c,FPb,40,40,19,6.0534536975660584,1,10.0,8.0,26
89be293c,FPb,40,40,20,2.95447412669706,1,10.0,8.0,4
89be293c,FPb,40,40,21,6.586075041671568,1,10.0,8.0,7
89be293c,FPb,40,40,22,8.029075213295286,0,10.0,0.0,-1
89be293c,FPb,40,40,23,5.192725512403708,1,10.0,8.0,22
89be293c,FPb,40,40,24,3.37782523132992,1,10.0,8.0,17
89be293c,FPb,40,40,25,7.105499815416091,1,10.0,8.0,15
89be293c,FPb,40,40,26,8.75221942980006,0,10.0,0.0,-1
89be293c,FPb,40,40,27,3.9674157753765593,1,10.0,8.0,23
89be293c,FPb,40,40,28,6.939090061095613,1,10.0,8.0,21
89be293c,FPb,40,40,29,3.6334963822360336,1,10.0,8.0,8
89be293c,FPb,40,40,30,9.657921673497508,0,10.0,0.0,-1
89be293c,FPb,40,40,31,9.054284879023633,0,10.0,0.0,-1
89be293c,FPb,40,40,32,5.001274539119607,1,10.0,8.0,2
89be293c,FPb,40,40,33,6.007733022011391,1,10.0,8.0,18
89be293c,FPb,40,40,34,6.709386497168621,1,10.0,8.0,14
89be293c,FPb,40,40,35,11.795773612390217,0,10.0,0.0,-1
89be293c,FPb,40,40,36,5.284939499989139,1,10.0,8.0,27
89be293c,FPb,40,40,37,8.44075452784229,0,10.0,0.0,-1
89be293c,FPb,40,40,38,4.524965897794486,1,10.0,8.0,3
89be293c,FPb,40,40,39,7.1838441622881595,1,10.0,8.0,11
